#datatype measurement,timestamp,double
anomaly_detection,time,value
anomaly_detection,2025-01-01T00:00:00Z,0.0
anomaly_detection,2025-01-01T00:00:01Z,0.05002915670857863
anomaly_detection,2025-01-01T00:00:02Z,0.09993301616303926
anomaly_detection,2025-01-01T00:00:03Z,0.1495865949143112
anomaly_detection,2025-01-01T00:00:04Z,0.19886553633749857
anomaly_detection,2025-01-01T00:00:05Z,0.24764642208113616
anomaly_detection,2025-01-01T00:00:06Z,0.2958070811665539
anomaly_detection,2025-01-01T00:00:07Z,0.3432268959632157
anomaly_detection,2025-01-01T00:00:08Z,0.38978710427372076
anomaly_detection,2025-01-01T00:00:09Z,0.4353710967719027
anomaly_detection,2025-01-01T00:00:10Z,0.4798647090490943
anomaly_detection,2025-01-01T00:00:11Z,0.5231565075371343
anomaly_detection,2025-01-01T00:00:12Z,0.5651380685920271
anomaly_detection,2025-01-01T00:00:13Z,0.605704250039292
anomaly_detection,2025-01-01T00:00:14Z,0.6447534545009243
anomaly_detection,2025-01-01T00:00:15Z,0.6821878838444657
anomaly_detection,2025-01-01T00:00:16Z,0.717913784116926
anomaly_detection,2025-01-01T00:00:17Z,0.7518416803501158
anomaly_detection,2025-01-01T00:00:18Z,0.78388660064933
anomaly_detection,2025-01-01T00:00:19Z,0.8139682890041526
anomaly_detection,2025-01-01T00:00:20Z,0.8420114062884005
anomaly_detection,2025-01-01T00:00:21Z,0.8679457189458079
anomaly_detection,2025-01-01T00:00:22Z,0.8917062748888882
anomaly_detection,2025-01-01T00:00:23Z,0.9132335661704393
anomaly_detection,2025-01-01T00:00:24Z,0.9324736780202824
anomaly_detection,2025-01-01T00:00:25Z,0.9493784238739756
anomaly_detection,2025-01-01T00:00:26Z,0.9639054660553243
anomaly_detection,2025-01-01T00:00:27Z,0.9760184218104399
anomaly_detection,2025-01-01T00:00:28Z,0.985686954427788
anomaly_detection,2025-01-01T00:00:29Z,0.9928868492160164
anomaly_detection,2025-01-01T00:00:30Z,0.9976000741492778
anomaly_detection,2025-01-01T00:00:31Z,0.9998148250281604
anomaly_detection,2025-01-01T00:00:32Z,0.9995255550431251
anomaly_detection,2025-01-01T00:00:33Z,0.9967329886664036
anomaly_detection,2025-01-01T00:00:34Z,0.9914441198375697
anomaly_detection,2025-01-01T00:00:35Z,0.9836721944473249
anomaly_detection,2025-01-01T00:00:36Z,0.9734366771633683
anomaly_detection,2025-01-01T00:00:37Z,0.9607632026814362
anomaly_detection,2025-01-01T00:00:38Z,0.9456835115235996
anomaly_detection,2025-01-01T00:00:39Z,0.9282353705446159
anomaly_detection,2025-01-01T00:00:40Z,0.9084624783454199
anomaly_detection,2025-01-01T00:00:41Z,0.8864143558306506
anomaly_detection,2025-01-01T00:00:42Z,0.8621462221843063
anomaly_detection,2025-01-01T00:00:43Z,0.835718856574146
anomaly_detection,2025-01-01T00:00:44Z,0.8071984459311994
anomaly_detection,2025-01-01T00:00:45Z,0.776656419185614
anomaly_detection,2025-01-01T00:00:46Z,0.7441692683739977
anomaly_detection,2025-01-01T00:00:47Z,0.7098183570662889
anomaly_detection,2025-01-01T00:00:48Z,0.6736897165919457
anomaly_detection,2025-01-01T00:00:49Z,0.6358738305758035
anomaly_detection,2025-01-01T00:00:50Z,0.5964654083232273
anomaly_detection,2025-01-01T00:00:51Z,0.5555631476221117
anomaly_detection,2025-01-01T00:00:52Z,0.513269487555788
anomaly_detection,2025-01-01T00:00:53Z,0.4696903519459145
anomaly_detection,2025-01-01T00:00:54Z,0.4249348840678924
anomaly_detection,2025-01-01T00:00:55Z,0.37911517330321154
anomaly_detection,2025-01-01T00:00:56Z,0.33234597441331465
anomaly_detection,2025-01-01T00:00:57Z,0.2847444201380626
anomaly_detection,2025-01-01T00:00:58Z,0.23642972783858707
anomaly_detection,2025-01-01T00:00:59Z,0.18752290091924165
anomaly_detection,2025-01-01T00:01:00Z,0.13814642577643546
anomaly_detection,2025-01-01T00:01:01Z,0.08842396503333558
anomaly_detection,2025-01-01T00:01:02Z,0.03848004782872783
anomaly_detection,2025-01-01T00:01:03Z,-0.011560242064297474
anomaly_detection,2025-01-01T00:01:04Z,-0.06157157950873298
anomaly_detection,2025-01-01T00:01:05Z,-0.11142871187853388
anomaly_detection,2025-01-01T00:01:06Z,-0.16100677275189493
anomaly_detection,2025-01-01T00:01:07Z,-0.21018159463728486
anomaly_detection,2025-01-01T00:01:08Z,-0.2588300199490208
anomaly_detection,2025-01-01T00:01:09Z,-0.30683020945354866
anomaly_detection,2025-01-01T00:01:10Z,-0.35406194741393143
anomaly_detection,2025-01-01T00:01:11Z,-0.40040694266831467
anomaly_detection,2025-01-01T00:01:12Z,-0.4457491248883234
anomaly_detection,2025-01-01T00:01:13Z,-0.4899749352754158
anomaly_detection,2025-01-01T00:01:14Z,-0.532973610967149
anomaly_detection,2025-01-01T00:01:15Z,-0.5746374624410662
anomaly_detection,2025-01-01T00:01:16Z,-0.6148621432214489
anomaly_detection,2025-01-01T00:01:17Z,-0.6535469112134646
anomaly_detection,2025-01-01T00:01:18Z,-0.6905948810101928
anomaly_detection,2025-01-01T00:01:19Z,-0.7259132665406387
anomaly_detection,2025-01-01T00:01:20Z,-0.7594136134510215
anomaly_detection,2025-01-01T00:01:21Z,-0.7910120206373449
anomaly_detection,2025-01-01T00:01:22Z,-0.8206293503744214
anomaly_detection,2025-01-01T00:01:23Z,-0.8481914265150899
anomaly_detection,2025-01-01T00:01:24Z,-0.8736292202632362
anomaly_detection,2025-01-01T00:01:25Z,-0.896879023055351
anomaly_detection,2025-01-01T00:01:26Z,-0.9178826061176496
anomaly_detection,2025-01-01T00:01:27Z,-0.93658736629914
anomaly_detection,2025-01-01T00:01:28Z,-0.9529464578154061
anomaly_detection,2025-01-01T00:01:29Z,-0.9669189095731556
anomaly_detection,2025-01-01T00:01:30Z,-0.9784697277816927
anomaly_detection,2025-01-01T00:01:31Z,-0.9875699835943296
anomaly_detection,2025-01-01T00:01:32Z,-0.9941968855602381
anomaly_detection,2025-01-01T00:01:33Z,-0.9983338367052883
anomaly_detection,2025-01-01T00:01:34Z,-0.9999704760989149
anomaly_detection,2025-01-01T00:01:35Z,-0.9991027048029089
anomaly_detection,2025-01-01T00:01:36Z,-0.9957326961371449
anomaly_detection,2025-01-01T00:01:37Z,-0.9898688902365352
anomaly_detection,2025-01-01T00:01:38Z,-0.981525972912842
anomaly_detection,2025-01-01T00:01:39Z,-0.9707248388742866
anomaly_detection,2025-01-01T00:01:40Z,3.0425074606049254
anomaly_detection,2025-01-01T00:01:41Z,3.0581377854341056
anomaly_detection,2025-01-01T00:01:42Z,3.0761269897049286
anomaly_detection,2025-01-01T00:01:43Z,3.096430019731761
anomaly_detection,2025-01-01T00:01:44Z,3.118996026887921
anomaly_detection,2025-01-01T00:01:45Z,-0.8562315050447148
anomaly_detection,2025-01-01T00:01:46Z,-0.8293146183317122
anomaly_detection,2025-01-01T00:01:47Z,-0.800320725902179
anomaly_detection,2025-01-01T00:01:48Z,-0.769322442514122
anomaly_detection,2025-01-01T00:01:49Z,-0.7363974028918977
anomaly_detection,2025-01-01T00:01:50Z,-0.7016280672912412
anomaly_detection,2025-01-01T00:01:51Z,-0.6651015149788218
anomaly_detection,2025-01-01T00:01:52Z,-0.6269092261435582
anomaly_detection,2025-01-01T00:01:53Z,-0.5871468527858912
anomaly_detection,2025-01-01T00:01:54Z,-0.5459139791588185
anomaly_detection,2025-01-01T00:01:55Z,-0.5033138723606636
anomaly_detection,2025-01-01T00:01:56Z,-0.45945322370421515
anomaly_detection,2025-01-01T00:01:57Z,-0.4144418815099734
anomaly_detection,2025-01-01T00:01:58Z,-0.3683925759927202
anomaly_detection,2025-01-01T00:01:59Z,-0.32142063693042794
anomaly_detection,2025-01-01T00:02:00Z,-0.27364370482260353
anomaly_detection,2025-01-01T00:02:01Z,-0.225181436261465
anomaly_detection,2025-01-01T00:02:02Z,-0.17615520425384543
anomaly_detection,2025-01-01T00:02:03Z,-0.1266877942443624
anomaly_detection,2025-01-01T00:02:04Z,-0.07690309660115911
anomaly_detection,2025-01-01T00:02:05Z,-0.026925796334381205
anomaly_detection,2025-01-01T00:02:06Z,0.023118939175514847
anomaly_detection,2025-01-01T00:02:07Z,0.07310577365754255
anomaly_detection,2025-01-01T00:02:08Z,0.12290951585294987
anomaly_detection,2025-01-01T00:02:09Z,0.17240543305480283
anomaly_detection,2025-01-01T00:02:10Z,0.22146956349913308
anomaly_detection,2025-01-01T00:02:11Z,0.26997902682527064
anomaly_detection,2025-01-01T00:02:12Z,0.31781233182781893
anomaly_detection,2025-01-01T00:02:13Z,0.36484968072951135
anomaly_detection,2025-01-01T00:02:14Z,0.4109732692129035
anomaly_detection,2025-01-01T00:02:15Z,0.45606758145947573
anomaly_detection,2025-01-01T00:02:16Z,0.5000196794572255
anomaly_detection,2025-01-01T00:02:17Z,0.5427194858521823
anomaly_detection,2025-01-01T00:02:18Z,0.5840600596354499
anomaly_detection,2025-01-01T00:02:19Z,0.6239378639753186
anomaly_detection,2025-01-01T00:02:20Z,0.6622530255236697
anomaly_detection,2025-01-01T00:02:21Z,0.6989095845472408
anomaly_detection,2025-01-01T00:02:22Z,0.7338157352573031
anomaly_detection,2025-01-01T00:02:23Z,0.7668840557358485
anomaly_detection,2025-01-01T00:02:24Z,0.7980317268824393
anomaly_detection,2025-01-01T00:02:25Z,0.8271807398333727
anomaly_detection,2025-01-01T00:02:26Z,0.8542580913336814
anomaly_detection,2025-01-01T00:02:27Z,0.8791959665726632
anomaly_detection,2025-01-01T00:02:28Z,0.9019319090250327
anomaly_detection,2025-01-01T00:02:29Z,0.9224089768723288
anomaly_detection,2025-01-01T00:02:30Z,0.940575885612824
anomaly_detection,2025-01-01T00:02:31Z,0.95638713650277
anomaly_detection,2025-01-01T00:02:32Z,0.9698031305073038
anomaly_detection,2025-01-01T00:02:33Z,0.980790267475621
anomaly_detection,2025-01-01T00:02:34Z,0.9893210302920371
anomaly_detection,2025-01-01T00:02:35Z,0.9953740537921809
anomaly_detection,2025-01-01T00:02:36Z,0.9989341782717204
anomaly_detection,2025-01-01T00:02:37Z,0.9999924874536094
anomaly_detection,2025-01-01T00:02:38Z,0.9985463308187661
anomaly_detection,2025-01-01T00:02:39Z,0.9945993302442577
anomaly_detection,2025-01-01T00:02:40Z,0.9881613709323648
anomaly_detection,2025-01-01T00:02:41Z,0.9792485766532438
anomaly_detection,2025-01-01T00:02:42Z,0.9678832693631935
anomaly_detection,2025-01-01T00:02:43Z,0.954093913299657
anomaly_detection,2025-01-01T00:02:44Z,0.9379150436929778
anomaly_detection,2025-01-01T00:02:45Z,0.9193871802734458
anomaly_detection,2025-01-01T00:02:46Z,0.8985567257902548
anomaly_detection,2025-01-01T00:02:47Z,0.8754758497965313
anomaly_detection,2025-01-01T00:02:48Z,0.8502023579914898
anomaly_detection,2025-01-01T00:02:49Z,0.8227995474469475
anomaly_detection,2025-01-01T00:02:50Z,0.7933360480807813
anomaly_detection,2025-01-01T00:02:51Z,0.7618856507743523
anomaly_detection,2025-01-01T00:02:52Z,0.7285271225643783
anomaly_detection,2025-01-01T00:02:53Z,0.6933440093721002
anomaly_detection,2025-01-01T00:02:54Z,0.6564244267638064
anomaly_detection,2025-01-01T00:02:55Z,0.6178608392667517
anomaly_detection,2025-01-01T00:02:56Z,0.577749828793169
anomaly_detection,2025-01-01T00:02:57Z,0.5361918527523549
anomaly_detection,2025-01-01T00:02:58Z,0.49329099245663205
anomaly_detection,2025-01-01T00:02:59Z,0.44915469245130146
anomaly_detection,2025-01-01T00:03:00Z,0.4038934914214305
anomaly_detection,2025-01-01T00:03:01Z,0.3576207453494149
anomaly_detection,2025-01-01T00:03:02Z,0.3104523436166627
anomaly_detection,2025-01-01T00:03:03Z,0.26250641876041964
anomaly_detection,2025-01-01T00:03:04Z,0.21390305061264503
anomaly_detection,2025-01-01T00:03:05Z,0.16476396556191822
anomaly_detection,2025-01-01T00:03:06Z,0.11521223169156894
anomaly_detection,2025-01-01T00:03:07Z,0.065371950557554
anomaly_detection,2025-01-01T00:03:08Z,0.015367946378017567
anomaly_detection,2025-01-01T00:03:09Z,-0.03467454658704477
anomaly_detection,2025-01-01T00:03:10Z,-0.08463019768306558
anomaly_detection,2025-01-01T00:03:11Z,-0.13437389374960387
anomaly_detection,2025-01-01T00:03:12Z,-0.18378105246433263
anomaly_detection,2025-01-01T00:03:13Z,-0.23272793435755038
anomaly_detection,2025-01-01T00:03:14Z,-0.28109195271578163
anomaly_detection,2025-01-01T00:03:15Z,-0.32875198059831656
anomaly_detection,2025-01-01T00:03:16Z,-0.3755886541977727
anomaly_detection,2025-01-01T00:03:17Z,-0.42148467178491617
anomaly_detection,2025-01-01T00:03:18Z,-0.46632508748903956
anomaly_detection,2025-01-01T00:03:19Z,-0.5099975991781289
anomaly_detection,2025-01-01T00:03:20Z,-0.5523928297178272
anomaly_detection,2025-01-01T00:03:21Z,-0.5934046009047866
anomaly_detection,2025-01-01T00:03:22Z,-0.6329301993883469
anomaly_detection,2025-01-01T00:03:23Z,-0.6708706339145439
anomaly_detection,2025-01-01T00:03:24Z,-0.7071308832481832
anomaly_detection,2025-01-01T00:03:25Z,-0.7416201341520638
anomaly_detection,2025-01-01T00:03:26Z,-0.7742520088273352
anomaly_detection,2025-01-01T00:03:27Z,-0.8049447812453666
anomaly_detection,2025-01-01T00:03:28Z,-0.8336215818293299
anomaly_detection,2025-01-01T00:03:29Z,-0.8602105899728739
anomaly_detection,2025-01-01T00:03:30Z,-0.8846452139137285
anomaly_detection,2025-01-01T00:03:31Z,-0.9068642575117503
anomaly_detection,2025-01-01T00:03:32Z,-0.9268120735137149
anomaly_detection,2025-01-01T00:03:33Z,-0.9444387029210076
anomaly_detection,2025-01-01T00:03:34Z,-0.9597000001111683
anomaly_detection,2025-01-01T00:03:35Z,-0.9725577433999218
anomaly_detection,2025-01-01T00:03:36Z,-0.9829797307668027
anomaly_detection,2025-01-01T00:03:37Z,-0.9909398605046178
anomaly_detection,2025-01-01T00:03:38Z,-0.9964181965907717
anomaly_detection,2025-01-01T00:03:39Z,-0.9994010186167288
anomaly_detection,2025-01-01T00:03:40Z,-0.9998808561505658
anomaly_detection,2025-01-01T00:03:41Z,-0.9978565074465535
anomaly_detection,2025-01-01T00:03:42Z,-0.9933330424549104
anomaly_detection,2025-01-01T00:03:43Z,-0.9863217901241905
anomaly_detection,2025-01-01T00:03:44Z,-0.9768403100281058
anomaly_detection,2025-01-01T00:03:45Z,-0.9649123483878435
anomaly_detection,2025-01-01T00:03:46Z,-0.9505677786000201
anomaly_detection,2025-01-01T00:03:47Z,-0.9338425264192189
anomaly_detection,2025-01-01T00:03:48Z,-0.9147784799824896
anomaly_detection,2025-01-01T00:03:49Z,-0.8934233849011526
anomaly_detection,2025-01-01T00:03:50Z,-0.8698307246826497
anomaly_detection,2025-01-01T00:03:51Z,-0.8440595867819208
anomaly_detection,2025-01-01T00:03:52Z,-0.8161745146177822
anomaly_detection,2025-01-01T00:03:53Z,-0.7862453459249255
anomaly_detection,2025-01-01T00:03:54Z,-0.7543470378463839
anomaly_detection,2025-01-01T00:03:55Z,-0.7205594792045203
anomaly_detection,2025-01-01T00:03:56Z,-0.684967290420699
anomaly_detection,2025-01-01T00:03:57Z,-0.6476596115847407
anomaly_detection,2025-01-01T00:03:58Z,-0.6087298792049378
anomaly_detection,2025-01-01T00:03:59Z,-0.5682755921977553
anomaly_detection,2025-01-01T00:04:00Z,-0.5263980677032926
anomaly_detection,2025-01-01T00:04:01Z,-0.48320218733806336
anomaly_detection,2025-01-01T00:04:02Z,-0.438796134520599
anomaly_detection,2025-01-01T00:04:03Z,-0.3932911235277394
anomaly_detection,2025-01-01T00:04:04Z,-0.34680112096018534
anomaly_detection,2025-01-01T00:04:05Z,-0.29944256031489924
anomaly_detection,2025-01-01T00:04:06Z,-0.25133405037920087
anomaly_detection,2025-01-01T00:04:07Z,-0.20259607817688247
anomaly_detection,2025-01-01T00:04:08Z,-0.15335070721030927
anomaly_detection,2025-01-01T00:04:09Z,-0.10372127175425384
anomaly_detection,2025-01-01T00:04:10Z,-0.05383206796710025
anomaly_detection,2025-01-01T00:04:11Z,-0.003808042593025627
anomaly_detection,2025-01-01T00:04:12Z,0.046225519965200426
anomaly_detection,2025-01-01T00:04:13Z,0.09614331141907717
anomaly_detection,2025-01-01T00:04:14Z,0.1458203134270555
anomaly_detection,2025-01-01T00:04:15Z,0.1951321107010531
anomaly_detection,2025-01-01T00:04:16Z,0.24395520260263132
anomaly_detection,2025-01-01T00:04:17Z,0.2921673124484462
anomaly_detection,2025-01-01T00:04:18Z,0.3396476937503228
anomaly_detection,2025-01-01T00:04:19Z,0.38627743262297903
anomaly_detection,2025-01-01T00:04:20Z,0.43193974560202403
anomaly_detection,2025-01-01T00:04:21Z,0.47652027212634984
anomaly_detection,2025-01-01T00:04:22Z,0.5199073609523991
anomaly_detection,2025-01-01T00:04:23Z,0.5619923497829891
anomaly_detection,2025-01-01T00:04:24Z,0.6026698374103644
anomaly_detection,2025-01-01T00:04:25Z,0.6418379476919025
anomaly_detection,2025-01-01T00:04:26Z,0.6793985846973472
anomaly_detection,2025-01-01T00:04:27Z,0.7152576783885579
anomaly_detection,2025-01-01T00:04:28Z,0.7493254202164753
anomaly_detection,2025-01-01T00:04:29Z,0.7815164880452515
anomaly_detection,2025-01-01T00:04:30Z,0.8117502598402285
anomaly_detection,2025-01-01T00:04:31Z,0.8399510155845847
anomaly_detection,2025-01-01T00:04:32Z,0.8660481269189535
anomaly_detection,2025-01-01T00:04:33Z,0.889976234029064
anomaly_detection,2025-01-01T00:04:34Z,0.9116754093383911
anomaly_detection,2025-01-01T00:04:35Z,0.9310913075958499
anomaly_detection,2025-01-01T00:04:36Z,0.9481753019826424
anomaly_detection,2025-01-01T00:04:37Z,0.9628846058973773
anomaly_detection,2025-01-01T00:04:38Z,0.9751823801144559
anomaly_detection,2025-01-01T00:04:39Z,0.985037825047346
anomaly_detection,2025-01-01T00:04:40Z,0.9924262578856741
anomaly_detection,2025-01-01T00:04:41Z,0.9973291744129432
anomaly_detection,2025-01-01T00:04:42Z,0.9997342953500602
anomaly_detection,2025-01-01T00:04:43Z,0.9996355971086004
anomaly_detection,2025-01-01T00:04:44Z,0.9970333268767925
anomaly_detection,2025-01-01T00:04:45Z,0.99193400200044
anomaly_detection,2025-01-01T00:04:46Z,0.9843503936603283
anomaly_detection,2025-01-01T00:04:47Z,0.9743014948869986
anomaly_detection,2025-01-01T00:04:48Z,0.9618124729929951
anomaly_detection,2025-01-01T00:04:49Z,0.9469146065417174
anomaly_detection,2025-01-01T00:04:50Z,0.9296452070107394
anomaly_detection,2025-01-01T00:04:51Z,0.9100475253457864
anomaly_detection,2025-01-01T00:04:52Z,0.8881706436394069
anomaly_detection,2025-01-01T00:04:53Z,0.8640693522056263
anomaly_detection,2025-01-01T00:04:54Z,0.8378040123584466
anomaly_detection,2025-01-01T00:04:55Z,0.8094404052378639
anomaly_detection,2025-01-01T00:04:56Z,0.7790495670620136
anomaly_detection,2025-01-01T00:04:57Z,0.7467076112180544
anomaly_detection,2025-01-01T00:04:58Z,0.7124955376373596
anomaly_detection,2025-01-01T00:04:59Z,0.6764990299324324
anomaly_detection,2025-01-01T00:05:00Z,0.6388082408036202
anomaly_detection,2025-01-01T00:05:01Z,0.5995175662530551
anomaly_detection,2025-01-01T00:05:02Z,0.5587254091713215
anomaly_detection,2025-01-01T00:05:03Z,0.5165339328889282
anomaly_detection,2025-01-01T00:05:04Z,0.47304880530981697
anomaly_detection,2025-01-01T00:05:05Z,0.42837893426772095
anomaly_detection,2025-01-01T00:05:06Z,0.38263619476816924
anomaly_detection,2025-01-01T00:05:07Z,0.33593514879925435
anomaly_detection,2025-01-01T00:05:08Z,0.28839275841289386
anomaly_detection,2025-01-01T00:05:09Z,0.24012809279516895
anomaly_detection,2025-01-01T00:05:10Z,0.19126203005937772
anomaly_detection,2025-01-01T00:05:11Z,0.14191695450865796
anomaly_detection,2025-01-01T00:05:12Z,0.09221645012638092
anomaly_detection,2025-01-01T00:05:13Z,0.042284991061964226
anomaly_detection,2025-01-01T00:05:14Z,-0.007752370112722516
anomaly_detection,2025-01-01T00:05:15Z,-0.057770315595602
anomaly_detection,2025-01-01T00:05:16Z,-0.10764357621089869
anomaly_detection,2025-01-01T00:05:17Z,-0.15724724514386434
anomaly_detection,2025-01-01T00:05:18Z,-0.206457090767976
anomaly_detection,2025-01-01T00:05:19Z,-0.25514986778113535
anomaly_detection,2025-01-01T00:05:20Z,-0.3032036258716338
anomaly_detection,2025-01-01T00:05:21Z,-0.35049801514083395
anomaly_detection,2025-01-01T00:05:22Z,-0.39691458751764125
anomaly_detection,2025-01-01T00:05:23Z,-0.44233709340987765
anomaly_detection,2025-01-01T00:05:24Z,-0.4866517728495987
anomaly_detection,2025-01-01T00:05:25Z,-0.529747640403185
anomaly_detection,2025-01-01T00:05:26Z,-0.5715167631326549
anomaly_detection,2025-01-01T00:05:27Z,-0.611854530912049
anomaly_detection,2025-01-01T00:05:28Z,-0.6506599184218834
anomaly_detection,2025-01-01T00:05:29Z,-0.6878357381655089
anomaly_detection,2025-01-01T00:05:30Z,-0.7232888838737035
anomaly_detection,2025-01-01T00:05:31Z,-0.7569305636878925
anomaly_detection,2025-01-01T00:05:32Z,-0.7886765225379935
anomaly_detection,2025-01-01T00:05:33Z,-0.8184472531579451
anomaly_detection,2025-01-01T00:05:34Z,-0.8461681952104326
anomaly_detection,2025-01-01T00:05:35Z,-0.8717699220221067
anomaly_detection,2025-01-01T00:05:36Z,-0.8951883144616204
anomaly_detection,2025-01-01T00:05:37Z,-0.9163647215250076
anomaly_detection,2025-01-01T00:05:38Z,-0.9352461072262216
anomaly_detection,2025-01-01T00:05:39Z,-0.9517851834249468
anomaly_detection,2025-01-01T00:05:40Z,-0.9659405282590195
anomaly_detection,2025-01-01T00:05:41Z,-0.9776766898848452
anomaly_detection,2025-01-01T00:05:42Z,-0.9869642752659957
anomaly_detection,2025-01-01T00:05:43Z,-0.9937800237876175
anomaly_detection,2025-01-01T00:05:44Z,-0.9981068655122841
anomaly_detection,2025-01-01T00:05:45Z,-0.9999339639313919
anomaly_detection,2025-01-01T00:05:46Z,-0.9992567431050293
anomaly_detection,2025-01-01T00:05:47Z,-0.9960768991223485
anomaly_detection,2025-01-01T00:05:48Z,-0.9904023958537356
anomaly_detection,2025-01-01T00:05:49Z,-0.9822474450054196
anomaly_detection,2025-01-01T00:05:50Z,-0.9716324705264734
anomaly_detection,2025-01-01T00:05:51Z,-0.9585840574573462
anomaly_detection,2025-01-01T00:05:52Z,-0.9431348853480389
anomaly_detection,2025-01-01T00:05:53Z,-0.9253236464126731
anomaly_detection,2025-01-01T00:05:54Z,-0.9051949486254356
anomaly_detection,2025-01-01T00:05:55Z,-0.8827992040005925
anomaly_detection,2025-01-01T00:05:56Z,-0.8581925023363741
anomaly_detection,2025-01-01T00:05:57Z,-0.8314364707389376
anomaly_detection,2025-01-01T00:05:58Z,-0.8025981192782262
anomaly_detection,2025-01-01T00:05:59Z,-0.7717496731622797
anomaly_detection,2025-01-01T00:06:00Z,-0.7389683918503098
anomaly_detection,2025-01-01T00:06:01Z,-0.7043363755575728
anomaly_detection,2025-01-01T00:06:02Z,-0.6679403596366418
anomaly_detection,2025-01-01T00:06:03Z,-0.629871497350049
anomaly_detection,2025-01-01T00:06:04Z,-0.5902251315783409
anomaly_detection,2025-01-01T00:06:05Z,-0.5491005560352992
anomaly_detection,2025-01-01T00:06:06Z,-0.5066007665883601
anomaly_detection,2025-01-01T00:06:07Z,-0.4628322033070477
anomaly_detection,2025-01-01T00:06:08Z,-0.41790448388545576
anomaly_detection,2025-01-01T00:06:09Z,-0.3719301291064168
anomaly_detection,2025-01-01T00:06:10Z,-0.32502428103493153
anomaly_detection,2025-01-01T00:06:11Z,-0.2773044146466359
anomaly_detection,2025-01-01T00:06:12Z,-0.22889004361353044
anomaly_detection,2025-01-01T00:06:13Z,-0.17990242098382533
anomaly_detection,2025-01-01T00:06:14Z,-0.13046423550554456
anomaly_detection,2025-01-01T00:06:15Z,-0.08069930435444203
anomaly_detection,2025-01-01T00:06:16Z,-0.030732263035787716
anomaly_detection,2025-01-01T00:06:17Z,0.019311746763339837
anomaly_detection,2025-01-01T00:06:18Z,0.0693073905894856
anomaly_detection,2025-01-01T00:06:19Z,0.11912945512103058
anomaly_detection,2025-01-01T00:06:20Z,0.16865316176303152
anomaly_detection,2025-01-01T00:06:21Z,0.21775447915329427
anomaly_detection,2025-01-01T00:06:22Z,0.26631043379701436
anomaly_detection,2025-01-01T00:06:23Z,0.3141994180520047
anomaly_detection,2025-01-01T00:06:24Z,0.36130149469316664
anomaly_detection,2025-01-01T00:06:25Z,0.4074986972934271
anomaly_detection,2025-01-01T00:06:26Z,0.452675325668842
anomaly_detection,2025-01-01T00:06:27Z,0.4967182356479291
anomaly_detection,2025-01-01T00:06:28Z,0.5395171224395066
anomaly_detection,2025-01-01T00:06:29Z,0.580964796889347
anomaly_detection,2025-01-01T00:06:30Z,0.6209574539337677
anomaly_detection,2025-01-01T00:06:31Z,0.6593949325778161
anomaly_detection,2025-01-01T00:06:32Z,0.6961809667469437
anomaly_detection,2025-01-01T00:06:33Z,0.7312234263839096
anomaly_detection,2025-01-01T00:06:34Z,0.7644345481870926
anomaly_detection,2025-01-01T00:06:35Z,0.7957311554123323
anomaly_detection,2025-01-01T00:06:36Z,0.8250348661878059
anomaly_detection,2025-01-01T00:06:37Z,0.8522722898202219
anomaly_detection,2025-01-01T00:06:38Z,0.8773752106006832
anomaly_detection,2025-01-01T00:06:39Z,0.9002807586498824
anomaly_detection,2025-01-01T00:06:40Z,0.9209315673747474
anomaly_detection,2025-01-01T00:06:41Z,0.9392759171421927
anomaly_detection,2025-01-01T00:06:42Z,0.9552678648101457
anomaly_detection,2025-01-01T00:06:43Z,0.9688673587914395
anomaly_detection,2025-01-01T00:06:44Z,0.980040339362398
anomaly_detection,2025-01-01T00:06:45Z,0.9887588239648898
anomaly_detection,2025-01-01T00:06:46Z,0.9950009772882156
anomaly_detection,2025-01-01T00:06:47Z,0.9987511659553078
anomaly_detection,2025-01-01T00:06:48Z,0.9999999976762833
anomaly_detection,2025-01-01T00:06:49Z,0.9987443447712893
anomaly_detection,2025-01-01T00:06:50Z,0.9949873520037292
anomaly_detection,2025-01-01T00:06:51Z,0.9887384287042511
anomaly_detection,2025-01-01T00:06:52Z,0.9800132252052237
anomaly_detection,2025-01-01T00:06:53Z,0.9688335936447198
anomaly_detection,2025-01-01T00:06:54Z,0.9552275332381714
anomaly_detection,2025-01-01T00:06:55Z,0.9392291201547661
anomaly_detection,2025-01-01T00:06:56Z,0.9208784221742042
anomaly_detection,2025-01-01T00:06:57Z,0.9002213983375609
anomaly_detection,2025-01-01T00:06:58Z,0.8773097838435732
anomaly_detection,2025-01-01T00:06:59Z,0.8522009604786309
anomaly_detection,2025-01-01T00:07:00Z,0.8249578129049739
anomaly_detection,2025-01-01T00:07:01Z,0.7956485711670219
anomaly_detection,2025-01-01T00:07:02Z,0.7643466398102772
anomaly_detection,2025-01-01T00:07:03Z,0.7311304140407677
anomaly_detection,2025-01-01T00:07:04Z,0.6960830833854595
anomaly_detection,2025-01-01T00:07:05Z,0.659292423345364
anomaly_detection,2025-01-01T00:07:06Z,0.6208505755631448
anomaly_detection,2025-01-01T00:07:07Z,0.5808538170557874
anomaly_detection,2025-01-01T00:07:08Z,0.5394023190903006
anomaly_detection,2025-01-01T00:07:09Z,0.49659989630630047
anomaly_detection,2025-01-01T00:07:10Z,0.4525537467138531
anomaly_detection,2025-01-01T00:07:11Z,0.4073741832177023
anomaly_detection,2025-01-01T00:07:12Z,0.36117435734029507
anomaly_detection,2025-01-01T00:07:13Z,0.3140699758355327
anomaly_detection,2025-01-01T00:07:14Z,0.26617901090298385
anomaly_detection,2025-01-01T00:07:15Z,0.21762140472832361
anomaly_detection,2025-01-01T00:07:16Z,0.1685187690899729
anomaly_detection,2025-01-01T00:07:17Z,0.11899408078426829
anomaly_detection,2025-01-01T00:07:18Z,0.06917137363196561
anomaly_detection,2025-01-01T00:07:19Z,0.019175427837441927
anomaly_detection,2025-01-01T00:07:20Z,-0.03086854252140862
anomaly_detection,2025-01-01T00:07:21Z,-0.08083520308990856
anomaly_detection,2025-01-01T00:07:22Z,-0.13059941313456228
anomaly_detection,2025-01-01T00:07:23Z,-0.18003653895609978
anomaly_detection,2025-01-01T00:07:24Z,-0.2290227660326612
anomaly_detection,2025-01-01T00:07:25Z,-0.277435409111364
anomaly_detection,2025-01-01T00:07:26Z,-0.32515321947163317
anomaly_detection,2025-01-01T00:07:27Z,-0.37205668859075886
anomaly_detection,2025-01-01T00:07:28Z,-0.41802834745115464
anomaly_detection,2025-01-01T00:07:29Z,-0.4629530607397067
anomaly_detection,2025-01-01T00:07:30Z,-0.5067183152023964
anomaly_detection,2025-01-01T00:07:31Z,-0.5492145014320156
anomaly_detection,2025-01-01T00:07:32Z,-0.5903351883832425
anomaly_detection,2025-01-01T00:07:33Z,-0.6299773899275591
anomaly_detection,2025-01-01T00:07:34Z,-0.6680418227804276
anomaly_detection,2025-01-01T00:07:35Z,-0.7044331551547499
anomaly_detection,2025-01-01T00:07:36Z,-0.7390602455178644
anomaly_detection,2025-01-01T00:07:37Z,-0.771836370854113
anomaly_detection,2025-01-01T00:07:38Z,-0.8026794438613015
anomaly_detection,2025-01-01T00:07:39Z,-0.8315122185370862
anomaly_detection,2025-01-01T00:07:40Z,-0.8582624836403999
anomaly_detection,2025-01-01T00:07:41Z,-0.882863243543395
anomaly_detection,2025-01-01T00:07:42Z,-0.9052528860209639
anomaly_detection,2025-01-01T00:07:43Z,-0.9253753365576105
anomaly_detection,2025-01-01T00:07:44Z,-0.9431801987852119
anomaly_detection,2025-01-01T00:07:45Z,-0.9586228806999476
anomaly_detection,2025-01-01T00:07:46Z,-0.971664706342289
anomaly_detection,2025-01-01T00:07:47Z,-0.982273012660344
anomaly_detection,2025-01-01T00:07:48Z,-0.9904212313139699
anomaly_detection,2025-01-01T00:07:49Z,-0.9960889552147721
anomaly_detection,2025-01-01T00:07:50Z,-0.999261989635344
anomaly_detection,2025-01-01T00:07:51Z,-0.999932387759743
anomaly_detection,2025-01-01T00:07:52Z,-0.9980984705861694
anomaly_detection,2025-01-01T00:07:53Z,-0.9937648311320005
anomaly_detection,2025-01-01T00:07:54Z,-0.9869423229306488
anomaly_detection,2025-01-01T00:07:55Z,-0.977648032849055
anomaly_detection,2025-01-01T00:07:56Z,-0.9659052382938916
anomaly_detection,2025-01-01T00:07:57Z,-0.9517433489136566
anomaly_detection,2025-01-01T00:07:58Z,-0.9351978329426597
anomaly_detection,2025-01-01T00:07:59Z,-0.9163101283713753
anomaly_detection,2025-01-01T00:08:00Z,-0.8951275391656319
anomaly_detection,2025-01-01T00:08:01Z,-0.8717031167945569
anomaly_detection,2025-01-01T00:08:02Z,-0.8460955273639872
anomaly_detection,2025-01-01T00:08:03Z,-0.8183689046881087
anomaly_detection,2025-01-01T00:08:04Z,-0.7885926896673048
anomaly_detection,2025-01-01T00:08:05Z,-0.7568414563744876
anomaly_detection,2025-01-01T00:08:06Z,-0.7231947252854797
anomaly_detection,2025-01-01T00:08:07Z,-0.6877367641212032
anomaly_detection,2025-01-01T00:08:08Z,-0.6505563768004686
anomaly_detection,2025-01-01T00:08:09Z,-0.6117466810319249
anomaly_detection,2025-01-01T00:08:10Z,-0.5714048751021886
anomaly_detection,2025-01-01T00:08:11Z,-0.5296319944442294
anomaly_detection,2025-01-01T00:08:12Z,-0.4865326585956808
anomaly_detection,2025-01-01T00:08:13Z,-0.4422148091808157
anomaly_detection,2025-01-01T00:08:14Z,-0.3967894395724077
anomaly_detection,2025-01-01T00:08:15Z,-0.3503703169105343
anomaly_detection,2025-01-01T00:08:16Z,-0.3030736971745233
anomaly_detection,2025-01-01T00:08:17Z,-0.25501803402163925
anomaly_detection,2025-01-01T00:08:18Z,-0.20632368212171887
anomaly_detection,2025-01-01T00:08:19Z,-0.15711259573075045
anomaly_detection,2025-01-01T00:08:20Z,-3.107508023258314
anomaly_detection,2025-01-01T00:08:21Z,-3.0576341985938327
anomaly_detection,2025-01-01T00:08:22Z,-3.007616029964708
anomaly_detection,2025-01-01T00:08:23Z,-2.9575787871055814
anomaly_detection,2025-01-01T00:08:24Z,-2.9076477875222104
anomaly_detection,2025-01-01T00:08:25Z,-2.857948082635702
anomaly_detection,2025-01-01T00:08:26Z,-2.808604144593149
anomaly_detection,2025-01-01T00:08:27Z,-2.7597395545290504
anomaly_detection,2025-01-01T00:08:28Z,-2.7114766930582603
anomaly_detection,2025-01-01T00:08:29Z,-2.663936433775619
anomaly_detection,2025-01-01T00:08:30Z,0.3827621594701089
anomaly_detection,2025-01-01T00:08:31Z,0.4285021307698135
anomaly_detection,2025-01-01T00:08:32Z,0.47316892506831626
anomaly_detection,2025-01-01T00:08:33Z,0.5166506750657451
anomaly_detection,2025-01-01T00:08:34Z,0.5588384813874684
anomaly_detection,2025-01-01T00:08:35Z,0.5996266853209042
anomaly_detection,2025-01-01T00:08:36Z,0.6389131334361432
anomaly_detection,2025-01-01T00:08:37Z,0.676599433427643
anomaly_detection,2025-01-01T00:08:38Z,0.7125912005362459
anomaly_detection,2025-01-01T00:08:39Z,0.7467982939343577
anomaly_detection,2025-01-01T00:08:40Z,0.7791350424822644
anomaly_detection,2025-01-01T00:08:41Z,0.8095204592901858
anomaly_detection,2025-01-01T00:08:42Z,0.837878444548696
anomaly_detection,2025-01-01T00:08:43Z,0.8641379761195265
anomaly_detection,2025-01-01T00:08:44Z,0.8882332874094202
anomaly_detection,2025-01-01T00:08:45Z,0.9101040320815533
anomaly_detection,2025-01-01T00:08:46Z,0.9296954351920088
anomaly_detection,2025-01-01T00:08:47Z,0.9469584303727814
anomaly_detection,2025-01-01T00:08:48Z,0.961849782717742
anomaly_detection,2025-01-01T00:08:49Z,0.9743321970637963
anomaly_detection,2025-01-01T00:08:50Z,0.9843744113960468
anomaly_detection,2025-01-01T00:08:51Z,0.9919512751430293
anomaly_detection,2025-01-01T00:08:52Z,0.9970438121659324
anomaly_detection,2025-01-01T00:08:53Z,0.9996392682840454
anomaly_detection,2025-01-01T00:08:54Z,0.9997311432174079
anomaly_detection,2025-01-01T00:08:55Z,0.9973192068666613
anomaly_detection,2025-01-01T00:08:56Z,0.992409499889329
anomaly_detection,2025-01-01T00:08:57Z,0.9850143185710822
anomaly_detection,2025-01-01T00:08:58Z,0.9751521840298819
anomaly_detection,2025-01-01T00:08:59Z,0.9628477958301229
anomaly_detection,2025-01-01T00:09:00Z,0.9481319701229552
anomaly_detection,2025-01-01T00:09:01Z,0.9310415624677066
anomaly_detection,2025-01-01T00:09:02Z,0.9116193755277007
anomaly_detection,2025-01-01T00:09:03Z,0.8899140518716442
anomaly_detection,2025-01-01T00:09:04Z,0.8659799521490619
anomaly_detection,2025-01-01T00:09:05Z,0.8398770189448848
anomaly_detection,2025-01-01T00:09:06Z,0.8116706266541671
anomaly_detection,2025-01-01T00:09:07Z,0.7814314177529195
anomaly_detection,2025-01-01T00:09:08Z,0.7492351258751123
anomaly_detection,2025-01-01T00:09:09Z,0.7151623861389543
anomaly_detection,2025-01-01T00:09:10Z,0.6792985331974775
anomaly_detection,2025-01-01T00:09:11Z,0.6417333875192107
anomaly_detection,2025-01-01T00:09:12Z,0.602561030434196
anomaly_detection,2025-01-01T00:09:13Z,0.5618795685087438
anomaly_detection,2025-01-01T00:09:14Z,0.5197908878390449
anomaly_detection,2025-01-01T00:09:15Z,0.4764003988790092
anomaly_detection,2025-01-01T00:09:16Z,0.43181677244140276
anomaly_detection,2025-01-01T00:09:17Z,0.3861516675334679
anomaly_detection,2025-01-01T00:09:18Z,0.3395194517086558
anomaly_detection,2025-01-01T00:09:19Z,0.29203691463484577
anomaly_detection,2025-01-01T00:09:20Z,0.2438229755964177
anomaly_detection,2025-01-01T00:09:21Z,0.19499838566273123
anomaly_detection,2025-01-01T00:09:22Z,0.14568542526892875
anomaly_detection,2025-01-01T00:09:23Z,0.09600759796646458
anomaly_detection,2025-01-01T00:09:24Z,0.04608932111035838
anomaly_detection,2025-01-01T00:09:25Z,-0.003944385742158309
anomaly_detection,2025-01-01T00:09:26Z,-0.05396821394120191
anomaly_detection,2025-01-01T00:09:27Z,-0.10385687957782466
anomaly_detection,2025-01-01T00:09:28Z,-0.15348543725563918
anomaly_detection,2025-01-01T00:09:29Z,-0.20272959301464347
anomaly_detection,2025-01-01T00:09:30Z,-0.2514660156235337
anomaly_detection,2025-01-01T00:09:31Z,-0.29957264546087753
anomaly_detection,2025-01-01T00:09:32Z,-0.34692900021156015
anomaly_detection,2025-01-01T00:09:33Z,-0.3934164766128909
anomaly_detection,2025-01-01T00:09:34Z,-0.43891864749465204
anomaly_detection,2025-01-01T00:09:35Z,-0.48332155336915705
anomaly_detection,2025-01-01T00:09:36Z,-0.5265139878410365
anomaly_detection,2025-01-01T00:09:37Z,-0.5683877761219461
anomaly_detection,2025-01-01T00:09:38Z,-0.6088380459526613
anomaly_detection,2025-01-01T00:09:39Z,-0.6477634902540396
anomaly_detection,2025-01-01T00:09:40Z,-0.6850666208490425
anomaly_detection,2025-01-01T00:09:41Z,-0.7206540126203771
anomaly_detection,2025-01-01T00:09:42Z,-0.7544365374922668
anomaly_detection,2025-01-01T00:09:43Z,-0.7863295876503468
anomaly_detection,2025-01-01T00:09:44Z,-0.8162532874406353
anomaly_detection,2025-01-01T00:09:45Z,-0.8441326934168814
anomaly_detection,2025-01-01T00:09:46Z,-0.8698979820352739
anomaly_detection,2025-01-01T00:09:47Z,-0.8934846245264347
anomaly_detection,2025-01-01T00:09:48Z,-0.914833548506729
anomaly_detection,2025-01-01T00:09:49Z,-0.933891285924143
anomaly_detection,2025-01-01T00:09:50Z,-0.9506101069681983
anomaly_detection,2025-01-01T00:09:51Z,-0.964948139608528
anomaly_detection,2025-01-01T00:09:52Z,-0.9768694744627346
anomaly_detection,2025-01-01T00:09:53Z,-0.9863442547308853
anomaly_detection,2025-01-01T00:09:54Z,-0.9933487509714088
anomaly_detection,2025-01-01T00:09:55Z,-0.9978654205311174
anomaly_detection,2025-01-01T00:09:56Z,-0.999882951480512
anomaly_detection,2025-01-01T00:09:57Z,-0.9993962909443355
anomaly_detection,2025-01-01T00:09:58Z,-0.9964066577564215
anomaly_detection,2025-01-01T00:09:59Z,-0.9909215394071441
anomaly_detection,2025-01-01T00:10:00Z,-0.9829546732911127
anomaly_detection,2025-01-01T00:10:01Z,-0.9725260123020782
anomaly_detection,2025-01-01T00:10:02Z,-0.959661674861218
anomaly_detection,2025-01-01T00:10:03Z,-0.9443938795039507
anomaly_detection,2025-01-01T00:10:04Z,-0.92676086418911
anomaly_detection,2025-01-01T00:10:05Z,-0.9068067905325639
anomaly_detection,2025-01-01T00:10:06Z,-0.8845816332051268
anomaly_detection,2025-01-01T00:10:07Z,-0.8601410547717645
anomaly_detection,2025-01-01T00:10:08Z,-0.8335462662855554
anomaly_detection,2025-01-01T00:10:09Z,-0.8048638739855488
anomaly_detection,2025-01-01T00:10:10Z,-0.774165712482463
anomaly_detection,2025-01-01T00:10:11Z,-0.7415286648500068
anomaly_detection,2025-01-01T00:10:12Z,-0.7070344700724025
anomaly_detection,2025-01-01T00:10:13Z,-0.6707695183303566
anomaly_detection,2025-01-01T00:10:14Z,-0.6328246346381797
anomaly_detection,2025-01-01T00:10:15Z,-0.5932948513739338
anomaly_detection,2025-01-01T00:10:16Z,-0.5522791702723022
anomaly_detection,2025-01-01T00:10:17Z,-0.5098803144762664
anomaly_detection,2025-01-01T00:10:18Z,-0.4662044712685729
anomaly_detection,2025-01-01T00:10:19Z,-0.4213610261273158
anomaly_detection,2025-01-01T00:10:20Z,-0.37546228877168786
anomaly_detection,2025-01-01T00:10:21Z,-0.3286232118840149
anomaly_detection,2025-01-01T00:10:22Z,-0.28096110321252915
anomaly_detection,2025-01-01T00:10:23Z,-0.2325953317759171
anomaly_detection,2025-01-01T00:10:24Z,-0.18364702890544632
anomaly_detection,2025-01-01T00:10:25Z,-0.13423878487340812
anomaly_detection,2025-01-01T00:10:26Z,-0.08449434186766441
anomaly_detection,2025-01-01T00:10:27Z,-0.03453828408123998
anomaly_detection,2025-01-01T00:10:28Z,0.015504274306874285
anomaly_detection,2025-01-01T00:10:29Z,0.06550800247825994
anomaly_detection,2025-01-01T00:10:30Z,0.11534766686417958
anomaly_detection,2025-01-01T00:10:31Z,0.16489844479112514
anomaly_detection,2025-01-01T00:10:32Z,0.21403623709728536
anomaly_detection,2025-01-01T00:10:33Z,0.2626379789369895
anomaly_detection,2025-01-01T00:10:34Z,0.31058194799472166
anomaly_detection,2025-01-01T00:10:35Z,0.35774806933678993
anomaly_detection,2025-01-01T00:10:36Z,0.404018216137152
anomaly_detection,2025-01-01T00:10:37Z,0.4492765055242356
anomaly_detection,2025-01-01T00:10:38Z,0.4934095888078098
anomaly_detection,2025-01-01T00:10:39Z,0.5363069353590374
anomaly_detection,2025-01-01T00:10:40Z,0.5778611094327363
anomaly_detection,2025-01-01T00:10:41Z,0.6179680392385494
anomaly_detection,2025-01-01T00:10:42Z,0.6565272775871582
anomaly_detection,2025-01-01T00:10:43Z,0.6934422534586943
anomaly_detection,2025-01-01T00:10:44Z,0.7286205138634149
anomaly_detection,2025-01-01T00:10:45Z,0.7619739553887532
anomaly_detection,2025-01-01T00:10:46Z,0.7934190448530015
anomaly_detection,2025-01-01T00:10:47Z,0.8228770285128422
anomaly_detection,2025-01-01T00:10:48Z,0.8502741293009239
anomaly_detection,2025-01-01T00:10:49Z,0.87554173159936
anomaly_detection,2025-01-01T00:10:50Z,0.8986165530865187
anomaly_detection,2025-01-01T00:10:51Z,0.9194408032265977
anomaly_detection,2025-01-01T00:10:52Z,0.9379623280051586
anomaly_detection,2025-01-01T00:10:53Z,0.9541347405480307
anomaly_detection,2025-01-01T00:10:54Z,0.9679175372965463
anomaly_detection,2025-01-01T00:10:55Z,0.9792761994480615
anomaly_detection,2025-01-01T00:10:56Z,0.9881822794077837
anomaly_detection,2025-01-01T00:10:57Z,0.9946134720353215
anomaly_detection,2025-01-01T00:10:58Z,0.9985536705075769
anomaly_detection,2025-01-01T00:10:59Z,0.999993006658029
anomaly_detection,2025-01-01T00:11:00Z,0.9989278756914095
anomaly_detection,2025-01-01T00:11:01Z,0.9953609452118554
anomaly_detection,2025-01-01T00:11:02Z,0.9893011485419341
anomaly_detection,2025-01-01T00:11:03Z,0.9807636623492793
anomaly_detection,2025-01-01T00:11:04Z,0.9697698686368519
anomaly_detection,2025-01-01T00:11:05Z,0.956347301192053
anomaly_detection,2025-01-01T00:11:06Z,0.9405295766287635
anomaly_detection,2025-01-01T00:11:07Z,0.9223563101950663
anomaly_detection,2025-01-01T00:11:08Z,0.901873016557449
anomaly_detection,2025-01-01T00:11:09Z,0.8791309958100414
anomaly_detection,2025-01-01T00:11:10Z,0.8541872049942945
anomaly_detection,2025-01-01T00:11:11Z,0.8271041154509721
anomaly_detection,2025-01-01T00:11:12Z,0.797949556361609
anomaly_detection,2025-01-01T00:11:13Z,0.7667965448713996
anomaly_detection,2025-01-01T00:11:14Z,0.7337231032188462
anomaly_detection,2025-01-01T00:11:15Z,0.6988120633302972
anomaly_detection,2025-01-01T00:11:16Z,0.6621508593686236
anomaly_detection,2025-01-01T00:11:17Z,0.6238313087557404
anomaly_detection,2025-01-01T00:11:18Z,0.5839493822172441
anomaly_detection,2025-01-01T00:11:19Z,0.5426049634252476
anomaly_detection,2025-01-01T00:11:20Z,0.499901598841214
anomaly_detection,2025-01-01T00:11:21Z,0.4559462383854819
anomaly_detection,2025-01-01T00:11:22Z,0.4108489675827849
anomaly_detection,2025-01-01T00:11:23Z,0.36472273185479026
anomaly_detection,2025-01-01T00:11:24Z,0.31768305365000765
anomaly_detection,2025-01-01T00:11:25Z,0.26984774311957205
anomaly_detection,2025-01-01T00:11:26Z,0.22133660306357728
anomaly_detection,2025-01-01T00:11:27Z,0.17227112888675042
anomaly_detection,2025-01-01T00:11:28Z,0.1227742043151327
anomaly_detection,2025-01-01T00:11:29Z,0.07296979363562055
anomaly_detection,2025-01-01T00:11:30Z,0.02298263122937022
anomaly_detection,2025-01-01T00:11:31Z,-0.02706209082359923
anomaly_detection,2025-01-01T00:11:32Z,-0.0770390362859898
anomaly_detection,2025-01-01T00:11:33Z,-0.12682303866596134
anomaly_detection,2025-01-01T00:11:34Z,-0.1762894146946301
anomaly_detection,2025-01-01T00:11:35Z,-0.22531427659345607
anomaly_detection,2025-01-01T00:11:36Z,-0.27377484234922406
anomaly_detection,2025-01-01T00:11:37Z,-0.32154974321976476
anomaly_detection,2025-01-01T00:11:38Z,-0.368519327700049
anomaly_detection,2025-01-01T00:11:39Z,-0.41456596118759786
anomaly_detection,2025-01-01T00:11:40Z,-0.45957432059648295
anomaly_detection,2025-01-01T00:11:41Z,-0.5034316831822755
anomaly_detection,2025-01-01T00:11:42Z,-0.5460282088543761
anomaly_detection,2025-01-01T00:11:43Z,-0.5872572152688834
anomaly_detection,2025-01-01T00:11:44Z,-0.6270154450128368
anomaly_detection,2025-01-01T00:11:45Z,-0.6652033242108665
anomaly_detection,2025-01-01T00:11:46Z,-0.7017252119063897
anomaly_detection,2025-01-01T00:11:47Z,-0.7364896395929593
anomaly_detection,2025-01-01T00:11:48Z,-0.7694095402956916
anomaly_detection,2025-01-01T00:11:49Z,-0.800402466629206
anomaly_detection,2025-01-01T00:11:50Z,-0.8293907972857969
anomaly_detection,2025-01-01T00:11:51Z,-0.8563019314368422
anomaly_detection,2025-01-01T00:11:52Z,-0.8810684705604287
anomaly_detection,2025-01-01T00:11:53Z,-0.903628387239946
anomaly_detection,2025-01-01T00:11:54Z,-0.9239251805107693
anomaly_detection,2025-01-01T00:11:55Z,-0.941908017366083
anomaly_detection,2025-01-01T00:11:56Z,-0.9575318600673419
anomaly_detection,2025-01-01T00:11:57Z,-0.9707575789406157
anomaly_detection,2025-01-01T00:11:58Z,-0.981552050376238
anomaly_detection,2025-01-01T00:11:59Z,-0.9898882397863932
anomaly_detection,2025-01-01T00:12:00Z,-0.9957452693128135
anomaly_detection,2025-01-01T00:12:01Z,-0.9991084701150637
anomaly_detection,2025-01-01T00:12:02Z,-0.9999694191084199
anomaly_detection,2025-01-01T00:12:03Z,-0.9983259600593597
anomaly_detection,2025-01-01T00:12:04Z,-0.9941822089858152
anomaly_detection,2025-01-01T00:12:05Z,-0.9875485438486666
anomaly_detection,2025-01-01T00:12:06Z,-0.9784415785603043
anomaly_detection,2025-01-01T00:12:07Z,-0.9668841213753326
anomaly_detection,2025-01-01T00:12:08Z,-0.9529051177676573
anomaly_detection,2025-01-01T00:12:09Z,-0.9365395779369774
anomaly_detection,2025-01-01T00:12:10Z,-0.9178284891262943
anomaly_detection,2025-01-01T00:12:11Z,-0.8968187129699734
anomaly_detection,2025-01-01T00:12:12Z,-0.8735628681295213
anomaly_detection,2025-01-01T00:12:13Z,-0.8481191985109336
anomaly_detection,2025-01-01T00:12:14Z,-0.8205514273937538
anomaly_detection,2025-01-01T00:12:15Z,-0.7909285978370694
anomaly_detection,2025-01-01T00:12:16Z,-0.7593248997622638
anomaly_detection,2025-01-01T00:12:17Z,-0.7258194841454642
anomaly_detection,2025-01-01T00:12:18Z,-0.6904962647851738
anomaly_detection,2025-01-01T00:12:19Z,-0.6534437081414161
anomaly_detection,2025-01-01T00:12:20Z,-0.6147546117728842
anomaly_detection,2025-01-01T00:12:21Z,-0.5745258719268398
anomaly_detection,2025-01-01T00:12:22Z,-0.5328582408639952
anomaly_detection,2025-01-01T00:12:23Z,-0.48985607452597857
anomaly_detection,2025-01-01T00:12:24Z,-0.44562707117752914
anomaly_detection,2025-01-01T00:12:25Z,-0.40028200167780004
anomaly_detection,2025-01-01T00:12:26Z,-0.3539344320564935
anomaly_detection,2025-01-01T00:12:27Z,-0.30670043908943384
anomaly_detection,2025-01-01T00:12:28Z,-0.2586983195861184
anomaly_detection,2025-01-01T00:12:29Z,-0.21004829411712297
anomaly_detection,2025-01-01T00:12:30Z,-0.1608722059235846
anomaly_detection,2025-01-01T00:12:31Z,-0.11129321576262158
anomaly_detection,2025-01-01T00:12:32Z,-0.06143549345316573
anomaly_detection,2025-01-01T00:12:33Z,-0.011423906894502945
anomaly_detection,2025-01-01T00:12:34Z,0.03861629066340501
anomaly_detection,2025-01-01T00:12:35Z,0.08855977431481686
anomaly_detection,2025-01-01T00:12:36Z,0.13828146137245545
anomaly_detection,2025-01-01T00:12:37Z,0.1876568246352324
anomaly_detection,2025-01-01T00:12:38Z,0.23656220426465308
anomaly_detection,2025-01-01T00:12:39Z,0.28487511748903765
anomaly_detection,2025-01-01T00:12:40Z,0.33247456535968495
anomaly_detection,2025-01-01T00:12:41Z,0.37924133579093483
anomaly_detection,2025-01-01T00:12:42Z,0.4250583021249505
anomaly_detection,2025-01-01T00:12:43Z,0.4698107164736862
anomaly_detection,2025-01-01T00:12:44Z,0.5133864971031575
anomaly_detection,2025-01-01T00:12:45Z,0.5556765091404718
anomaly_detection,2025-01-01T00:12:46Z,0.5965748379003917
anomaly_detection,2025-01-01T00:12:47Z,0.6359790541470836
anomaly_detection,2025-01-01T00:12:48Z,0.6737904706265188
anomaly_detection,2025-01-01T00:12:49Z,0.709914389227229
anomaly_detection,2025-01-01T00:12:50Z,0.7442603381502286
anomaly_detection,2025-01-01T00:12:51Z,0.7767422984942856
anomaly_detection,2025-01-01T00:12:52Z,0.8072789196888984
anomaly_detection,2025-01-01T00:12:53Z,0.8357937232355871
anomaly_detection,2025-01-01T00:12:54Z,0.8622152942470825
anomaly_detection,2025-01-01T00:12:55Z,0.8864774603048461
anomaly_detection,2025-01-01T00:12:56Z,0.9085194571868453
anomaly_detection,2025-01-01T00:12:57Z,0.9282860810506416
anomaly_detection,2025-01-01T00:12:58Z,0.94572782669054
anomaly_detection,2025-01-01T00:12:59Z,0.9608010115226389
anomaly_detection,2025-01-01T00:13:00Z,0.9734678849871697
anomaly_detection,2025-01-01T00:13:01Z,0.9836967230942115
anomaly_detection,2025-01-01T00:13:02Z,0.9914619078759211
anomaly_detection,2025-01-01T00:13:03Z,0.996743991546352
anomaly_detection,2025-01-01T00:13:04Z,0.9995297452081262
anomaly_detection,2025-01-01T00:13:05Z,0.9998121919840106
anomaly_detection,2025-01-01T00:13:06Z,0.9975906244903957
anomaly_detection,2025-01-01T00:13:07Z,0.9928706066089271
anomaly_detection,2025-01-01T00:13:08Z,0.985663959551852
anomaly_detection,2025-01-01T00:13:09Z,0.9759887322559697
anomaly_detection,2025-01-01T00:13:10Z,0.9638691561793543
anomaly_detection,2025-01-01T00:13:11Z,0.9493355846140302
anomaly_detection,2025-01-01T00:13:12Z,0.9324244166666318
anomaly_detection,2025-01-01T00:13:13Z,0.9131780060973843
anomaly_detection,2025-01-01T00:13:14Z,0.8916445552457808
anomaly_detection,2025-01-01T00:13:15Z,0.8678779943085424
anomaly_detection,2025-01-01T00:13:16Z,0.8419378462722938
anomaly_detection,2025-01-01T00:13:17Z,0.8138890778391307
anomaly_detection,2025-01-01T00:13:18Z,0.7838019367185425
anomaly_detection,2025-01-01T00:13:19Z,0.7517517756930717
anomaly_detection,2025-01-01T00:13:20Z,0.717818863898462
anomaly_detection,2025-01-01T00:13:21Z,0.6820881857908052
anomaly_detection,2025-01-01T00:13:22Z,0.6446492283043155
anomaly_detection,2025-01-01T00:13:23Z,0.6055957567326375
anomaly_detection,2025-01-01T00:13:24Z,0.5650255798951515
anomaly_detection,2025-01-01T00:13:25Z,0.5230403051762443
anomaly_detection,2025-01-01T00:13:26Z,0.47974508405122307
anomaly_detection,2025-01-01T00:13:27Z,0.43524834873601276
anomaly_detection,2025-01-01T00:13:28Z,0.38966154062038794
anomaly_detection,2025-01-01T00:13:29Z,0.3430988311646735
anomaly_detection,2025-01-01T00:13:30Z,0.2956768359591289
anomaly_detection,2025-01-01T00:13:31Z,0.24751432266194184
anomaly_detection,2025-01-01T00:13:32Z,0.1987319135475071
anomaly_detection,2025-01-01T00:13:33Z,0.1494517834097396
anomaly_detection,2025-01-01T00:13:34Z,0.09979735357723594
anomaly_detection,2025-01-01T00:13:35Z,0.0498929828063978
anomaly_detection,2025-01-01T00:13:36Z,-0.00013634417310600844
anomaly_detection,2025-01-01T00:13:37Z,-0.05016532968073073
anomaly_detection,2025-01-01T00:13:38Z,-0.10006867689111434
anomaly_detection,2025-01-01T00:13:39Z,-0.14972140363810774
anomaly_detection,2025-01-01T00:13:40Z,-0.19899915543063254
anomaly_detection,2025-01-01T00:13:41Z,-0.24777851689664926
anomaly_detection,2025-01-01T00:13:42Z,-0.2959373208750039
anomaly_detection,2025-01-01T00:13:43Z,-0.343354954381261
anomaly_detection,2025-01-01T00:13:44Z,-0.3899126606810149
anomaly_detection,2025-01-01T00:13:45Z,-0.43549383671435965
anomaly_detection,2025-01-01T00:13:46Z,-0.479984325126408
anomaly_detection,2025-01-01T00:13:47Z,-0.5232727001726837
anomaly_detection,2025-01-01T00:13:48Z,-0.5652505467831361
anomaly_detection,2025-01-01T00:13:49Z,-0.6058127320860655
anomaly_detection,2025-01-01T00:13:50Z,-0.6448576687117374
anomaly_detection,2025-01-01T00:13:51Z,-0.6822875692164347
anomaly_detection,2025-01-01T00:13:52Z,-0.7180086909895635
anomaly_detection,2025-01-01T00:13:53Z,-0.7519315710306228
anomaly_detection,2025-01-01T00:13:54Z,-0.7839712500078742
anomaly_detection,2025-01-01T00:13:55Z,-0.8140474850377205
anomaly_detection,2025-01-01T00:13:56Z,-0.842084950651739
anomaly_detection,2025-01-01T00:13:57Z,-0.8680134274481932
anomaly_detection,2025-01-01T00:13:58Z,-0.8917679779554131
anomaly_detection,2025-01-01T00:13:59Z,-0.9132891092667251
anomaly_detection,2025-01-01T00:14:00Z,-0.9325229220394953
anomaly_detection,2025-01-01T00:14:01Z,-0.9494212454852289
anomaly_detection,2025-01-01T00:14:02Z,-0.9639417580125483
anomaly_detection,2025-01-01T00:14:03Z,-0.9760480932209873
anomaly_detection,2025-01-01T00:14:04Z,-0.9857099309800657
anomaly_detection,2025-01-01T00:14:05Z,-0.9929030733656036
anomaly_detection,2025-01-01T00:14:06Z,-0.9976095052630402
anomaly_detection,2025-01-01T00:14:07Z,-0.9998174394860191
anomaly_detection,2025-01-01T00:14:08Z,-0.9995213462972102
anomaly_detection,2025-01-01T00:14:09Z,-0.9967219672574547
anomaly_detection,2025-01-01T00:14:10Z,-0.9914263133685365
anomaly_detection,2025-01-01T00:14:11Z,-0.9836476475142345
anomaly_detection,2025-01-01T00:14:12Z,-0.9734054512436388
anomaly_detection,2025-01-01T00:14:13Z,-0.9607253759799019
anomaly_detection,2025-01-01T00:14:14Z,-0.945639178776653
anomaly_detection,2025-01-01T00:14:15Z,-0.9281846427829425
anomaly_detection,2025-01-01T00:14:16Z,-0.9084054826159168
anomaly_detection,2025-01-01T00:14:17Z,-0.8863512348782493
anomaly_detection,2025-01-01T00:14:18Z,-0.8620771340944586
anomaly_detection,2025-01-01T00:14:19Z,-0.835643974376915
anomaly_detection,2025-01-01T00:14:20Z,-0.8071179571678933
anomaly_detection,2025-01-01T00:14:21Z,-0.7765705254391075
anomaly_detection,2025-01-01T00:14:22Z,-0.7440781847638547
anomaly_detection,2025-01-01T00:14:23Z,-0.7097223117100158
anomaly_detection,2025-01-01T00:14:24Z,-0.6735889500336563
anomaly_detection,2025-01-01T00:14:25Z,-0.6357685951837997
anomaly_detection,2025-01-01T00:14:26Z,-0.5963559676579255
anomaly_detection,2025-01-01T00:14:27Z,-0.555449775775982
anomaly_detection,2025-01-01T00:14:28Z,-0.5131524684668709
anomaly_detection,2025-01-01T00:14:29Z,-0.46956997868672584
anomaly_detection,2025-01-01T00:14:30Z,-0.42481145811140403
anomaly_detection,2025-01-01T00:14:31Z,-0.37898900376784067
anomaly_detection,2025-01-01T00:14:32Z,-0.3322173772887171
anomaly_detection,2025-01-01T00:14:33Z,-0.28461371749376724
anomaly_detection,2025-01-01T00:14:34Z,-0.23629724701735108
anomaly_detection,2025-01-01T00:14:35Z,-0.18738897371725274
anomaly_detection,2025-01-01T00:14:36Z,-0.1380113876123058
anomaly_detection,2025-01-01T00:14:37Z,-0.08828815410807898
anomaly_detection,2025-01-01T00:14:38Z,-0.038343804278712375
anomaly_detection,2025-01-01T00:14:39Z,0.011696577019187516
anomaly_detection,2025-01-01T00:14:40Z,0.06170766441970541
anomaly_detection,2025-01-01T00:14:41Z,0.11156420592301346
anomaly_detection,2025-01-01T00:14:42Z,0.1611413365871366
anomaly_detection,2025-01-01T00:14:43Z,0.2103148912502243
anomaly_detection,2025-01-01T00:14:44Z,0.2589617155003463
anomaly_detection,2025-01-01T00:14:45Z,0.3069599741137691
anomaly_detection,2025-01-01T00:14:46Z,0.35418945618945624
anomaly_detection,2025-01-01T00:14:47Z,0.40053187621536845
anomaly_detection,2025-01-01T00:14:48Z,0.44587117031276413
anomaly_detection,2025-01-01T00:14:49Z,0.49009378691634725
anomaly_detection,2025-01-01T00:14:50Z,0.5330889711624691
anomaly_detection,2025-01-01T00:14:51Z,0.5747490422729323
anomaly_detection,2025-01-01T00:14:52Z,0.6149696632398931
anomaly_detection,2025-01-01T00:14:53Z,0.6536501021362474
anomaly_detection,2025-01-01T00:14:54Z,0.6906934843972394
anomaly_detection,2025-01-01T00:14:55Z,0.7260070354412765
anomaly_detection,2025-01-01T00:14:56Z,0.7595023130224848
anomaly_detection,2025-01-01T00:14:57Z,0.7910954287329154
anomaly_detection,2025-01-01T00:14:58Z,0.82070725809981
anomaly_detection,2025-01-01T00:14:59Z,0.8482636387515917
anomaly_detection,2025-01-01T00:15:00Z,0.8736955561564181
anomaly_detection,2025-01-01T00:15:01Z,0.8969393164679849
anomaly_detection,2025-01-01T00:15:02Z,0.9179367060458131
anomaly_detection,2025-01-01T00:15:03Z,0.9366351372503916
anomaly_detection,2025-01-01T00:15:04Z,0.9529877801481352
anomaly_detection,2025-01-01T00:15:05Z,0.9669536797962126
anomaly_detection,2025-01-01T00:15:06Z,0.9784978588135903
anomaly_detection,2025-01-01T00:15:07Z,0.9875914049813291
anomaly_detection,2025-01-01T00:15:08Z,0.9942115436528062
anomaly_detection,2025-01-01T00:15:09Z,0.9983416947924566
anomaly_detection,2025-01-01T00:15:10Z,0.9999715145002253
anomaly_detection,2025-01-01T00:15:11Z,0.9990969209177011
anomaly_detection,2025-01-01T00:15:12Z,0.9957201044510703
anomaly_detection,2025-01-01T00:15:13Z,0.9898495222852789
anomaly_detection,2025-01-01T00:15:14Z,0.981499877203139
anomaly_detection,2025-01-01T00:15:15Z,0.9706920807624423
anomaly_detection,2025-01-01T00:15:16Z,0.9574532009232748
anomaly_detection,2025-01-01T00:15:17Z,0.9418163942567396
anomaly_detection,2025-01-01T00:15:18Z,0.9238208229048188
anomaly_detection,2025-01-01T00:15:19Z,0.9035115564994087
anomaly_detection,2025-01-01T00:15:20Z,0.880939459286099
anomaly_detection,2025-01-01T00:15:21Z,0.8561610627354738
anomaly_detection,2025-01-01T00:15:22Z,0.8292384239608875
anomaly_detection,2025-01-01T00:15:23Z,0.8002389702974061
anomaly_detection,2025-01-01T00:15:24Z,0.7692353304310517
anomaly_detection,2025-01-01T00:15:25Z,0.736305152501408
anomaly_detection,2025-01-01T00:15:26Z,0.7015309096330126
anomaly_detection,2025-01-01T00:15:27Z,0.664999693382721
anomaly_detection,2025-01-01T00:15:28Z,0.6268029956202027
anomaly_detection,2025-01-01T00:15:29Z,0.5870364793879996
anomaly_detection,2025-01-01T00:15:30Z,0.5457997393148639
anomaly_detection,2025-01-01T00:15:31Z,0.5031960521825856
anomaly_detection,2025-01-01T00:15:32Z,0.4593321182708327
anomaly_detection,2025-01-01T00:15:33Z,0.4143177941279897
anomaly_detection,2025-01-01T00:15:34Z,0.3682658174370698
anomaly_detection,2025-01-01T00:15:35Z,0.3212915246659721
anomaly_detection,2025-01-01T00:15:36Z,0.27351256220901765
anomaly_detection,2025-01-01T00:15:37Z,0.2250485917434162
anomaly_detection,2025-01-01T00:15:38Z,0.1760209905383807
anomaly_detection,2025-01-01T00:15:39Z,0.12655254746767644
anomaly_detection,2025-01-01T00:15:40Z,0.07676715548671857
anomaly_detection,2025-01-01T00:15:41Z,0.02678950134462512
anomaly_detection,2025-01-01T00:15:42Z,-0.02325524669188633
anomaly_detection,2025-01-01T00:15:43Z,-0.07324175232044239
anomaly_detection,2025-01-01T00:15:44Z,-0.12304482510591366
anomaly_detection,2025-01-01T00:15:45Z,-0.17253973401787895
anomaly_detection,2025-01-01T00:15:46Z,-0.22160251981763043
anomaly_detection,2025-01-01T00:15:47Z,-0.270110305512126
anomaly_detection,2025-01-01T00:15:48Z,-0.3179416040975853
anomaly_detection,2025-01-01T00:15:49Z,-0.3649766228217692
anomaly_detection,2025-01-01T00:15:50Z,-0.4110975632031401
anomaly_detection,2025-01-01T00:15:51Z,-0.4561889160552963
anomaly_detection,2025-01-01T00:15:52Z,-0.5001377507780058
anomaly_detection,2025-01-01T00:15:53Z,-0.542833998190108
anomaly_detection,2025-01-01T00:15:54Z,-0.5841707261961363
anomaly_detection,2025-01-01T00:15:55Z,-0.6240444075960595
anomaly_detection,2025-01-01T00:15:56Z,-0.6623551793676098
anomaly_detection,2025-01-01T00:15:57Z,-0.6990070927716426
anomaly_detection,2025-01-01T00:15:58Z,-0.7339083536543224
anomaly_detection,2025-01-01T00:15:59Z,-0.7669715523441283
anomaly_detection,2025-01-01T00:16:00Z,-0.7981138825680733
anomaly_detection,2025-01-01T00:16:01Z,-0.8272573488387046
anomaly_detection,2025-01-01T00:16:02Z,-0.8543289617926387
anomaly_detection,2025-01-01T00:16:03Z,-0.8792609209912671
anomaly_detection,2025-01-01T00:16:04Z,-0.9019907847259433
anomaly_detection,2025-01-01T00:16:05Z,-0.9224616264022548
anomaly_detection,2025-01-01T00:16:06Z,-0.9406221771118294
anomaly_detection,2025-01-01T00:16:07Z,-0.9564269540345047
anomaly_detection,2025-01-01T00:16:08Z,-0.9698363743493739
anomaly_detection,2025-01-01T00:16:09Z,-0.980816854369333
anomaly_detection,2025-01-01T00:16:10Z,-0.9893408936509257
anomaly_detection,2025-01-01T00:16:11Z,-0.9953871438687679
anomaly_detection,2025-01-01T00:16:12Z,-0.998940462282111
anomaly_detection,2025-01-01T00:16:13Z,-0.9999919496595957
anomaly_detection,2025-01-01T00:16:14Z,-0.998538972567245
anomaly_detection,2025-01-01T00:16:15Z,-0.9945851699638574
anomaly_detection,2025-01-01T00:16:16Z,-0.9881404440872891
anomaly_detection,2025-01-01T00:16:17Z,-0.9792209356544559
anomaly_detection,2025-01-01T00:16:18Z,-0.9678489834371484
anomaly_detection,2025-01-01T00:16:19Z,-0.9540530683149315
anomaly_detection,2025-01-01T00:16:20Z,-0.9378677419452064
anomaly_detection,2025-01-01T00:16:21Z,-0.919333540229131
anomaly_detection,2025-01-01T00:16:22Z,-0.8984968817900607
anomaly_detection,2025-01-01T00:16:23Z,-0.8754099517188397
anomaly_detection,2025-01-01T00:16:24Z,-0.8501305708770202
anomaly_detection,2025-01-01T00:16:25Z,-0.8227220510854285
anomaly_detection,2025-01-01T00:16:26Z,-0.7932530365606554
anomaly_detection,2025-01-01T00:16:27Z,-0.7617973319967002
anomaly_detection,2025-01-01T00:16:28Z,-0.7284337177222167
anomaly_detection,2025-01-01T00:16:29Z,-0.6932457523964256
anomaly_detection,2025-01-01T00:16:30Z,-0.6563215637376995
anomaly_detection,2025-01-01T00:16:31Z,-0.6177536278090856
anomaly_detection,2025-01-01T00:16:32Z,-0.5776385374133863
anomaly_detection,2025-01-01T00:16:33Z,-0.5360767601780119
anomaly_detection,2025-01-01T00:16:34Z,-0.4931723869353062
anomaly_detection,2025-01-01T00:16:35Z,-0.4490328710287044
anomaly_detection,2025-01-01T00:16:36Z,-0.40376875919743666
anomaly_detection,2025-01-01T00:16:37Z,-0.3574934147139688
anomaly_detection,2025-01-01T00:16:38Z,-0.3103227334673774
anomaly_detection,2025-01-01T00:16:39Z,-0.26237485370392877
