timestamp,value,anomaly_score,anomaly
2025-01-01T00:00:00Z,0.0,0.042316248439912794,0
2025-01-01T00:00:01Z,0.09993301616303926,0.04650788963236102,0
2025-01-01T00:00:02Z,0.19886553633749857,0.05085249138535603,0
2025-01-01T00:00:03Z,0.2958070811665539,0.055297843193651074,0
2025-01-01T00:00:04Z,0.38978710427372076,0.059785168136859586,0
2025-01-01T00:00:05Z,0.4798647090490943,0.06425047105513136,0
2025-01-01T00:00:06Z,0.5651380685920271,0.0686257738092682,0
2025-01-01T00:00:07Z,0.6447534545009243,0.0728408379813075,0
2025-01-01T00:00:08Z,0.717913784116926,0.07682489489767702,0
2025-01-01T00:00:09Z,0.78388660064933,0.08050852569074361,0
2025-01-01T00:00:10Z,0.8420114062884005,0.08382543097022158,0
2025-01-01T00:00:11Z,0.8917062748888882,0.08671439131843701,0
2025-01-01T00:00:12Z,0.9324736780202824,0.0891208851826415,0
2025-01-01T00:00:13Z,0.9639054660553243,0.09099877855875586,0
2025-01-01T00:00:14Z,0.985686954427788,0.09231165174816221,0
2025-01-01T00:00:15Z,0.9976000741492778,0.09303366543721639,0
2025-01-01T00:00:16Z,0.9995255550431251,0.09315061874666476,0
2025-01-01T00:00:17Z,0.9914441198375697,0.09266019647653323,0
2025-01-01T00:00:18Z,0.9734366771633683,0.09157211071290657,0
2025-01-01T00:00:19Z,0.9456835115235996,0.0899077372009376,0
2025-01-01T00:00:20Z,0.9084624783454199,0.08769954728277163,0
2025-01-01T00:00:21Z,0.8621462221843063,0.08499007043117685,0
2025-01-01T00:00:22Z,0.8071984459311994,0.08183081204630734,0
2025-01-01T00:00:23Z,0.7441692683739977,0.07828057342925458,0
2025-01-01T00:00:24Z,0.6736897165919457,0.07440392830417407,0
2025-01-01T00:00:25Z,0.5964654083232273,0.07026932559099021,0
2025-01-01T00:00:26Z,0.513269487555788,0.06594726138893274,0
2025-01-01T00:00:27Z,0.4249348840678924,0.06150838431435165,0
2025-01-01T00:00:28Z,0.33234597441331465,0.057021699301080905,0
2025-01-01T00:00:29Z,0.23642972783858707,0.05255295256128922,0
2025-01-01T00:00:30Z,0.13814642577643546,0.04816302852819353,0
2025-01-01T00:00:31Z,0.03848004782872783,0.04390683100395295,0
2025-01-01T00:00:32Z,-0.06157157950873298,0.039832185475496405,0
2025-01-01T00:00:33Z,-0.16100677275189493,0.035979203639534274,0
2025-01-01T00:00:34Z,-0.2588300199490208,0.03237990477923935,0
2025-01-01T00:00:35Z,-0.35406194741393143,0.029058113343760544,0
2025-01-01T00:00:36Z,-0.4457491248883234,0.02602977294510016,0
2025-01-01T00:00:37Z,-0.532973610967149,0.023303489109764767,0
2025-01-01T00:00:38Z,-0.6148621432214489,0.020881215770772742,0
2025-01-01T00:00:39Z,-0.6905948810101928,0.01875929477031011,0
2025-01-01T00:00:40Z,-0.7594136134510215,0.016929687906130045,0
2025-01-01T00:00:41Z,-0.8206293503744214,0.015381066981349919,0
2025-01-01T00:00:42Z,-0.8736292202632362,0.01410028824770806,0
2025-01-01T00:00:43Z,-0.9178826061176496,0.013073507149283686,0
2025-01-01T00:00:44Z,-0.9529464578154061,0.012287518357099503,0
2025-01-01T00:00:45Z,-0.9784697277816927,0.011730708983643439,0
2025-01-01T00:00:46Z,-0.9941968855602381,0.011394029726872078,0
2025-01-01T00:00:47Z,-0.9999704760989149,0.011271676106401124,0
2025-01-01T00:00:48Z,-0.9957326961371449,0.011361423719671198,0
2025-01-01T00:00:49Z,-0.981525972912842,0.011664900114826921,0
2025-01-01T00:00:50Z,-0.9574925393950745,0.012187392750977005,0
2025-01-01T00:00:51Z,-0.9238730102950713,0.012937503790911652,0
2025-01-01T00:00:52Z,-0.8810039731120792,0.01392647609558708,0
2025-01-01T00:00:53Z,-0.8293146183317122,0.015167362237756197,0
2025-01-01T00:00:54Z,-0.769322442514122,0.01667397141904273,0
2025-01-01T00:00:55Z,-0.7016280672912412,0.018459646098784546,0
2025-01-01T00:00:56Z,-0.6269092261435582,0.020536062721625396,0
2025-01-01T00:00:57Z,-0.5459139791588185,0.0229118876438061,0
2025-01-01T00:00:58Z,-0.45945322370421515,0.025591470028009176,0
2025-01-01T00:00:59Z,-0.3683925759927202,0.028573795885037265,0
2025-01-01T00:01:00Z,-0.27364370482260353,0.031851382558791316,0
2025-01-01T00:01:01Z,-0.17615520425384543,0.035409432829443026,0
2025-01-01T00:01:02Z,-0.07690309660115911,0.0392253454441746,0
2025-01-01T00:01:03Z,0.023118939175514847,0.043268360874688196,0
2025-01-01T00:01:04Z,0.12290951585294987,0.047499620317271174,0
2025-01-01T00:01:05Z,0.22146956349913308,0.05187236477874502,0
2025-01-01T00:01:06Z,0.31781233182781893,0.05633286726000561,0
2025-01-01T00:01:07Z,0.4109732692129035,0.06082091806348149,0
2025-01-01T00:01:08Z,0.5000196794572255,0.06527156947284415,0
2025-01-01T00:01:09Z,0.5840600596354499,0.06961617046101908,0
2025-01-01T00:01:10Z,0.6622530255236697,0.07378417995793496,0
2025-01-01T00:01:11Z,0.7338157352573031,0.07770491913050638,0
2025-01-01T00:01:12Z,0.7980317268824393,0.08130959645372786,0
2025-01-01T00:01:13Z,0.8542580913336814,0.08453287704252238,0
2025-01-01T00:01:14Z,0.9019319090250327,0.08731492073274273,0
2025-01-01T00:01:15Z,0.940575885612824,0.08960307412095808,0
2025-01-01T00:01:16Z,0.9698031305073038,0.09135333951268225,0
2025-01-01T00:01:17Z,0.9893210302920371,0.09253160088417835,0
2025-01-01T00:01:18Z,0.9989341782717204,0.09311467272252638,0
2025-01-01T00:01:19Z,0.9985463308187661,0.09309113904531217,0
2025-01-01T00:01:20Z,0.9881613709323648,0.0924613718413782,0
2025-01-01T00:01:21Z,0.9678832693631935,0.09123784431012107,0
2025-01-01T00:01:22Z,0.9379150436929778,0.08944461139650231,0
2025-01-01T00:01:23Z,0.8985567257902548,0.08711648498916293,0
2025-01-01T00:01:24Z,0.8502023579914898,0.08429824742442586,0
2025-01-01T00:01:25Z,0.7933360480807813,0.08104322208693096,0
2025-01-01T00:01:26Z,0.7285271225643783,0.07741168694001464,0
2025-01-01T00:01:27Z,0.6564244267638064,0.07346927913041941,0
2025-01-01T00:01:28Z,0.577749828793169,0.06928507747942732,0
2025-01-01T00:01:29Z,0.49329099245663205,0.06492979946598401,0
2025-01-01T00:01:30Z,0.4038934914214305,0.06047382385673151,0
2025-01-01T00:01:31Z,0.3104523436166627,0.05598559961752633,0
2025-01-01T00:01:32Z,0.21390305061264503,0.051529857432479745,0
2025-01-01T00:01:33Z,0.11521223169156894,0.04716620484730926,0
2025-01-01T00:01:34Z,0.015367946378017567,0.04294798117276102,0
2025-01-01T00:01:35Z,-0.08463019768306558,0.038921258520556265,0
2025-01-01T00:01:36Z,-0.18378105246433263,0.03512432341296704,0
2025-01-01T00:01:37Z,-0.28109195271578163,0.03158729758026555,0
2025-01-01T00:01:38Z,-0.3755886541977727,0.02833213548205121,0
2025-01-01T00:01:39Z,-0.46632508748903956,0.02537308277836877,0
2025-01-01T00:01:40Z,4.447607170282173,0.4204763705070354,1
2025-01-01T00:01:41Z,4.367069800611653,0.4101435208249819,1
2025-01-01T00:01:42Z,4.292869116751817,0.40073738837990014,1
2025-01-01T00:01:43Z,4.225747991172665,0.3923227957406254,1
2025-01-01T00:01:44Z,4.1663784181706705,0.384954284853823,1
2025-01-01T00:01:45Z,4.115354786086272,0.37867751641084113,1
2025-01-01T00:01:46Z,4.073187926486285,0.3735291533396898,1
2025-01-01T00:01:47Z,4.040299999888831,0.36953815559716796,1
2025-01-01T00:01:48Z,4.017020269233197,0.366726138998117,1
2025-01-01T00:01:49Z,4.0035818034092285,0.365107797919755,1
2025-01-01T00:01:50Z,-0.9998808561505658,0.011273567485003327,0
2025-01-01T00:01:51Z,-0.9933330424549104,0.011412396364411501,0
2025-01-01T00:01:52Z,-0.9768403100281058,0.011765864230809565,0
2025-01-01T00:01:53Z,-0.9505677786000201,0.012340071068714445,0
2025-01-01T00:01:54Z,-0.9147784799824896,0.013144266614234675,0
2025-01-01T00:01:55Z,-0.8698307246826497,0.014190228137259134,0
2025-01-01T00:01:56Z,-0.8161745146177822,0.015491263473297597,0
2025-01-01T00:01:57Z,-0.7543470378463839,0.017061188114619243,0
2025-01-01T00:01:58Z,-0.684967290420699,0.018913064267017676,0
2025-01-01T00:01:59Z,-0.6087298792049378,0.02105799190283331,0
2025-01-01T00:02:00Z,-0.5263980677032926,0.023503767755806204,0
2025-01-01T00:02:01Z,-0.438796134520599,0.02625359534224261,0
2025-01-01T00:02:02Z,-0.34680112096018534,0.029305051542187006,0
2025-01-01T00:02:03Z,-0.25133405037920087,0.03264899664446921,0
2025-01-01T00:02:04Z,-0.15335070721030927,0.036268907144095655,0
2025-01-01T00:02:05Z,-0.05383206796710025,0.04014033072807678,0
2025-01-01T00:02:06Z,0.046225519965200426,0.04423053956790427,0
2025-01-01T00:02:07Z,0.1458203134270555,0.04849887617829783,0
2025-01-01T00:02:08Z,0.24395520260263132,0.05289694570370359,0
2025-01-01T00:02:09Z,0.3396476937503228,0.05736934351347881,0
2025-01-01T00:02:10Z,0.43193974560202403,0.0618547460119709,0
2025-01-01T00:02:11Z,0.5199073609523991,0.06628707423133515,0
2025-01-01T00:02:12Z,0.6026698374103644,0.07059717735928926,0
2025-01-01T00:02:13Z,0.6793985846973472,0.07471427392310834,0
2025-01-01T00:02:14Z,0.7493254202164753,0.07856803861935067,0
2025-01-01T00:02:15Z,0.8117502598402285,0.08209024703532299,0
2025-01-01T00:02:16Z,0.8660481269189535,0.08521669335797827,0
2025-01-01T00:02:17Z,0.9116754093383911,0.08788904494825361,0
2025-01-01T00:02:18Z,0.9481753019826424,0.09005656572944232,0
2025-01-01T00:02:19Z,0.9751823801144559,0.09167731948815205,0
2025-01-01T00:02:20Z,0.9924262578856741,0.09271972653303377,0
2025-01-01T00:02:21Z,0.9997342953500602,0.09316329348848447,0
2025-01-01T00:02:22Z,0.9970333268767925,0.09299922581759074,0
2025-01-01T00:02:23Z,0.9843503936603283,0.09223080017124936,0
2025-01-01T00:02:24Z,0.9618124729929951,0.09087315773300193,0
2025-01-01T00:02:25Z,0.9296452070107394,0.08895288646153353,0
2025-01-01T00:02:26Z,0.8881706436394069,0.08650722720256517,0
2025-01-01T00:02:27Z,0.8378040123584466,0.08358310727813856,0
2025-01-01T00:02:28Z,0.7790495670620136,0.08023551636513673,0
2025-01-01T00:02:29Z,0.7124955376373596,0.07652621867146048,0
2025-01-01T00:02:30Z,0.6388082408036202,0.07252171592113939,0
2025-01-01T00:02:31Z,0.5587254091713215,0.06829171308652954,0
2025-01-01T00:02:32Z,0.47304880530981697,0.06390695350551708,0
2025-01-01T00:02:33Z,0.38263619476816924,0.0594376009573929,0
2025-01-01T00:02:34Z,0.28839275841289386,0.054951279912995206,0
2025-01-01T00:02:35Z,0.19126203005937772,0.050511690529986365,0
2025-01-01T00:02:36Z,0.09221645012638092,0.04617715182638651,0
2025-01-01T00:02:37Z,-0.007752370112722516,0.04199933558830841,0
2025-01-01T00:02:38Z,-0.10764357621089869,0.038022623023884795,0
2025-01-01T00:02:39Z,-0.206457090767976,0.03428331454867146,0
2025-01-01T00:02:40Z,-0.3032036258716338,0.030809728399592354,0
2025-01-01T00:02:41Z,-0.39691458751764125,0.027622001661224343,0
2025-01-01T00:02:42Z,-0.4866517728495987,0.024732570858275023,0
2025-01-01T00:02:43Z,-0.5715167631326549,0.02214682569123367,0
2025-01-01T00:02:44Z,-0.6506599184218834,0.01986404623650074,0
2025-01-01T00:02:45Z,-0.7232888838737035,0.017878383546918536,0
2025-01-01T00:02:46Z,-0.7886765225379935,0.016180136871294992,0
2025-01-01T00:02:47Z,-0.8461681952104326,0.014756956901697031,0
2025-01-01T00:02:48Z,-0.8951883144616204,0.013595223709839989,0
2025-01-01T00:02:49Z,-0.9352461072262216,0.012681254239664496,0
2025-01-01T00:02:50Z,-0.9659405282590195,0.01200243195726193,0
2025-01-01T00:02:51Z,-0.9869642752659957,0.011548250194630313,0
2025-01-01T00:02:52Z,-0.9981068655122841,0.011311089244197733,0
2025-01-01T00:02:53Z,-0.9992567431050293,0.011286764209587774,0
2025-01-01T00:02:54Z,-0.9904023958537356,0.011474815384378568,0
2025-01-01T00:02:55Z,-0.9716324705264734,0.01187860271005362,0
2025-01-01T00:02:56Z,-0.9431348853480389,0.012505001385188006,0
2025-01-01T00:02:57Z,-0.9051949486254356,0.013363924435064812,0
2025-01-01T00:02:58Z,-0.8581925023363741,0.01446758191590375,0
2025-01-01T00:02:59Z,-0.8025981192782262,0.01582949128240036,0
2025-01-01T00:03:00Z,-0.7389683918503098,0.017463440114433484,0
2025-01-01T00:03:01Z,-0.6679403596366418,0.019382129254109436,0
2025-01-01T00:03:02Z,-0.5902251315783409,0.021595997789763607,0
2025-01-01T00:03:03Z,-0.5066007665883601,0.024111906073871803,0
2025-01-01T00:03:04Z,-0.41790448388545576,0.026931851134837627,0
2025-01-01T00:03:05Z,-0.32502428103493153,0.030051927699862892,0
2025-01-01T00:03:06Z,-0.22889004361353044,0.033461381026109356,0
2025-01-01T00:03:07Z,-0.13046423550554456,0.03714185413171707,0
2025-01-01T00:03:08Z,-0.030732263035787716,0.0410669809092066,0
2025-01-01T00:03:09Z,0.0693073905894856,0.04520228635840243,0
2025-01-01T00:03:10Z,0.16865316176303152,0.04950514720671918,0
2025-01-01T00:03:11Z,0.26631043379701436,0.053925539381745935,0
2025-01-01T00:03:12Z,0.36130149469316664,0.058406567231652176,0
2025-01-01T00:03:13Z,0.452675325668842,0.0628856939198143,0
2025-01-01T00:03:14Z,0.5395171224395066,0.06729602387983408,0
2025-01-01T00:03:15Z,0.6209574539337677,0.07156785341556836,0
2025-01-01T00:03:16Z,0.6961809667469437,0.07563035464628783,0
2025-01-01T00:03:17Z,0.7644345481870926,0.07941346293912285,0
2025-01-01T00:03:18Z,0.8250348661878059,0.08284978406541736,0
2025-01-01T00:03:19Z,0.8773752106006832,0.08587627220708999,0
2025-01-01T00:03:20Z,0.9209315673747474,0.08843622690773933,0
2025-01-01T00:03:21Z,0.9552678648101457,0.09048076642980835,0
2025-01-01T00:03:22Z,0.980040339362398,0.09197040380384763,0
2025-01-01T00:03:23Z,0.9950009772882156,0.09287589637993587,0
2025-01-01T00:03:24Z,0.9999999976762833,0.0931794382756661,0
2025-01-01T00:03:25Z,0.9949873520037292,0.09287505208956758,0
2025-01-01T00:03:26Z,0.9800132252052237,0.0919687684036849,0
2025-01-01T00:03:27Z,0.9552275332381714,0.09047840873686186,0
2025-01-01T00:03:28Z,0.9208784221742042,0.08843308789026932,0
2025-01-01T00:03:29Z,0.8773097838435732,0.08587245062714755,0
2025-01-01T00:03:30Z,0.8249578129049739,0.08284535503887144,0
2025-01-01T00:03:31Z,0.7643466398102772,0.07940854519746168,0
2025-01-01T00:03:32Z,0.6960830833854595,0.07562497371942624,0
2025-01-01T00:03:33Z,0.6208505755631448,0.07156217247170367,0
2025-01-01T00:03:34Z,0.5394023190903006,0.06729011003651159,0
2025-01-01T00:03:35Z,0.4525537467138531,0.06287961682348664,0
2025-01-01T00:03:36Z,0.36117435734029507,0.05840045449901072,0
2025-01-01T00:03:37Z,0.26617901090298385,0.05391945477944756,0
2025-01-01T00:03:38Z,0.1685187690899729,0.04949920372414609,0
2025-01-01T00:03:39Z,0.06917137363196561,0.04519650847421472,0
2025-01-01T00:03:40Z,-0.03086854252140862,0.04106148653911115,0
2025-01-01T00:03:41Z,-0.13059941313456228,0.03713667396774279,0
2025-01-01T00:03:42Z,-0.2290227660326612,0.03345655946322048,0
2025-01-01T00:03:43Z,-0.32515321947163317,0.03004747682549482,0
2025-01-01T00:03:44Z,-0.41802834745115464,0.0269278142614918,0
2025-01-01T00:03:45Z,-0.5067183152023964,0.0241082758286485,0
2025-01-01T00:03:46Z,-0.5903351883832425,0.02159277811710912,0
2025-01-01T00:03:47Z,-0.6680418227804276,0.01937933278854696,0
2025-01-01T00:03:48Z,-0.7390602455178644,0.017461023463876048,0
2025-01-01T00:03:49Z,-0.8026794438613015,0.0158274563928447,0
2025-01-01T00:03:50Z,-0.8582624836403999,0.014465911532643407,0
2025-01-01T00:03:51Z,-0.9052528860209639,0.013362600508739992,0
2025-01-01T00:03:52Z,-0.9431801987852119,0.01250399342304455,0
2025-01-01T00:03:53Z,-0.971664706342289,0.011877896599408987,0
2025-01-01T00:03:54Z,-0.9904212313139699,0.011474413028195556,0
2025-01-01T00:03:55Z,-0.999261989635344,0.011286646001224554,0
2025-01-01T00:03:56Z,-0.9980984705861694,0.01131126591489816,0
2025-01-01T00:03:57Z,-0.9869423229306488,0.011548724879242914,0
2025-01-01T00:03:58Z,-0.9659052382938916,0.012003199662196184,0
2025-01-01T00:03:59Z,-0.9351978329426597,0.012682326610593394,0
2025-01-01T00:04:00Z,-0.8951275391656319,0.013596629288556048,0
2025-01-01T00:04:01Z,-0.8460955273639872,0.014758727703078605,0
2025-01-01T00:04:02Z,-0.7885926896673048,0.016182246811080252,0
2025-01-01T00:04:03Z,-0.7231947252854797,0.017880894272386632,0
2025-01-01T00:04:04Z,-0.6505563768004686,0.019866956390038187,0
2025-01-01T00:04:05Z,-0.5714048751021886,0.02215014420666832,0
2025-01-01T00:04:06Z,-0.4865326585956808,0.02473628127755283,0
2025-01-01T00:04:07Z,-0.3967894395724077,0.02762613550962408,0
2025-01-01T00:04:08Z,-0.3030736971745233,0.030814293165019612,0
2025-01-01T00:04:09Z,-0.20632368212171887,0.034288244341879645,0
2025-01-01T00:04:10Z,-0.10750802325831389,0.03802785688704502,0
2025-01-01T00:04:11Z,-0.00761602996470802,0.042004919416858966,0
2025-01-01T00:04:12Z,0.09235221247778938,0.04618298045067413,0
2025-01-01T00:04:13Z,0.19139585540685106,0.05051769424001478,0
2025-01-01T00:04:14Z,0.2885233069417396,0.05495737898563487,0
2025-01-01T00:04:15Z,0.3827621594701089,0.05944367803019689,0
2025-01-01T00:04:16Z,0.47316892506831626,0.06391300180880063,0
2025-01-01T00:04:17Z,0.5588384813874684,0.0682976059878344,0
2025-01-01T00:04:18Z,0.6389131334361432,0.07252738561858915,0
2025-01-01T00:04:19Z,0.7125912005362459,0.07653150129229959,0
2025-01-01T00:04:20Z,0.7791350424822644,0.08024034725693872,0
2025-01-01T00:04:21Z,0.837878444548696,0.08358739527041371,0
2025-01-01T00:04:22Z,0.8882332874094202,0.08651088928526317,0
2025-01-01T00:04:23Z,0.9296954351920088,0.08895585018107725,0
2025-01-01T00:04:24Z,0.961849782717742,0.09087539924452276,0
2025-01-01T00:04:25Z,0.9843744113960468,0.09223223846782488,0
2025-01-01T00:04:26Z,0.9970438121659324,0.09299986759419634,0
2025-01-01T00:04:27Z,0.9997311432174079,0.09316312583252252,0
2025-01-01T00:04:28Z,0.992409499889329,0.09271871695132518,0
2025-01-01T00:04:29Z,0.9751521840298819,0.09167548879773799,0
2025-01-01T00:04:30Z,0.9481319701229552,0.09005395107829879,0
2025-01-01T00:04:31Z,0.9116193755277007,0.0878857340465419,0
2025-01-01T00:04:32Z,0.8659799521490619,0.08521271635922557,0
2025-01-01T00:04:33Z,0.8116706266541671,0.0820857157538187,0
2025-01-01T00:04:34Z,0.7492351258751123,0.07856300529572297,0
2025-01-01T00:04:35Z,0.6792985331974775,0.07470883258820771,0
2025-01-01T00:04:36Z,0.602561030434196,0.0705913947297372,0
2025-01-01T00:04:37Z,0.5197908878390449,0.06628111372063862,0
2025-01-01T00:04:38Z,0.43181677244140276,0.061848645403283276,0
2025-01-01T00:04:39Z,0.3395194517086558,0.057363229191276593,0
2025-01-01T00:04:40Z,0.2438229755964177,0.05289088019303176,0
2025-01-01T00:04:41Z,0.14568542526892875,0.04849297027309315,0
2025-01-01T00:04:42Z,0.04608932111035838,0.044224841085755515,0
2025-01-01T00:04:43Z,-0.05396821394120191,0.0401348566106536,0
2025-01-01T00:04:44Z,-0.15348543725563918,0.036263806295085695,0
2025-01-01T00:04:45Z,-0.2514660156235337,0.03264426298588035,0
2025-01-01T00:04:46Z,-0.34692900021156015,0.029300694776932347,0
2025-01-01T00:04:47Z,-0.43891864749465204,0.026249656033989557,0
2025-01-01T00:04:48Z,-0.5265139878410365,0.02350023652792789,0
2025-01-01T00:04:49Z,-0.6088380459526613,0.021054870751877293,0
2025-01-01T00:04:50Z,-0.6850666208490425,0.018910331260101616,0
2025-01-01T00:04:51Z,-0.7544365374922668,0.01705884909430166,0
2025-01-01T00:04:52Z,-0.8162532874406353,0.015489317793119564,0
2025-01-01T00:04:53Z,-0.8698979820352739,0.014188628455021902,0
2025-01-01T00:04:54Z,-0.914833548506729,0.013143009698210544,0
2025-01-01T00:04:55Z,-0.9506101069681983,0.01233912685546637,0
2025-01-01T00:04:56Z,-0.9768694744627346,0.011765245061576411,0
2025-01-01T00:04:57Z,-0.9933487509714088,0.011412065946582308,0
2025-01-01T00:04:58Z,-0.999882951480512,0.011273520303141093,0
2025-01-01T00:04:59Z,-0.9964066577564215,0.0113471207465979,0
2025-01-01T00:05:00Z,-4.982954673291113,0.0855908195480346,0
2025-01-01T00:05:01Z,-4.959661674861218,0.08423174885886398,0
2025-01-01T00:05:02Z,-4.92676086418911,0.08233057475538062,0
2025-01-01T00:05:03Z,-4.884581633205126,0.07992504706590302,0
2025-01-01T00:05:04Z,-4.8335462662855555,0.07706207032024184,0
2025-01-01T00:05:05Z,-4.774165712482463,0.07379671005381937,0
2025-01-01T00:05:06Z,-4.7070344700724025,0.07019023921849576,0
2025-01-01T00:05:07Z,-4.63282463463818,0.06630865631574842,0
2025-01-01T00:05:08Z,-4.5522791702723024,0.0622205890947309,0
2025-01-01T00:05:09Z,-4.466204471268573,0.05799567127738097,0
2025-01-01T00:05:10Z,-0.37546228877168786,0.028336385660468498,0
2025-01-01T00:05:11Z,-0.28096110321252915,0.031591933108051674,0
2025-01-01T00:05:12Z,-0.18364702890544632,0.03512931540343839,0
2025-01-01T00:05:13Z,-0.08449434186766441,0.0389265900618368,0
2025-01-01T00:05:14Z,0.015504274306874285,0.04295360246500325,0
2025-01-01T00:05:15Z,0.11534766686417958,0.04717205459814722,0
2025-01-01T00:05:16Z,0.21403623709728536,0.05153589058960941,0
2025-01-01T00:05:17Z,0.31058194799472166,0.055991708440771934,0
2025-01-01T00:05:18Z,0.404018216137152,0.06047994763420636,0
2025-01-01T00:05:19Z,0.4934095888078098,0.06493581364965065,0
2025-01-01T00:05:20Z,0.5778611094327363,0.06929094444829642,0
2025-01-01T00:05:21Z,0.6565272775871582,0.07347483605827623,0
2025-01-01T00:05:22Z,0.7286205138634149,0.07741686599204463,0
2025-01-01T00:05:23Z,0.7934190448530015,0.08104792758241976,0
2025-01-01T00:05:24Z,0.8502741293009239,0.08430242448695985,0
2025-01-01T00:05:25Z,0.8986165530865187,0.08711998364285203,0
2025-01-01T00:05:26Z,0.9379623280051586,0.08944743222733849,0
2025-01-01T00:05:27Z,0.9679175372965463,0.09123989545854781,0
2025-01-01T00:05:28Z,0.9881822794077837,0.0924626114261376,0
2025-01-01T00:05:29Z,0.9985536705075769,0.09309157759821513,0
2025-01-01T00:05:30Z,0.9989278756914095,0.09311430123102124,0
2025-01-01T00:05:31Z,0.9893011485419341,0.09253035454817282,0
2025-01-01T00:05:32Z,0.9697698686368519,0.09135135157690219,0
2025-01-01T00:05:33Z,0.9405295766287635,0.08960034843556768,0
2025-01-01T00:05:34Z,0.901873016557449,0.08731144152382884,0
2025-01-01T00:05:35Z,0.8541872049942945,0.08452878349935695,0
2025-01-01T00:05:36Z,0.797949556361609,0.0813049333329093,0
2025-01-01T00:05:37Z,0.7337231032188462,0.07769977533629725,0
2025-01-01T00:05:38Z,0.6621508593686236,0.07377865078434429,0
2025-01-01T00:05:39Z,0.5839493822172441,0.0696103549436925,0
2025-01-01T00:05:40Z,0.499901598841214,0.06526556770269366,0
2025-01-01T00:05:41Z,0.4108489675827849,0.06081485797042981,0
2025-01-01T00:05:42Z,0.31768305365000765,0.056326756272434546,0
2025-01-01T00:05:43Z,0.22133660306357728,0.05186635002486359,0
2025-01-01T00:05:44Z,0.1227742043151327,0.0474937300252185,0
2025-01-01T00:05:45Z,0.02298263122937022,0.043262719904780284,0
2025-01-01T00:05:46Z,-0.0770390362859898,0.03921998995944439,0
2025-01-01T00:05:47Z,-0.1762894146946301,0.0354044135175673,0
2025-01-01T00:05:48Z,-0.27377484234922406,0.03184671713388878,0
2025-01-01T00:05:49Z,-0.368519327700049,0.02856953424113138,0
2025-01-01T00:05:50Z,-0.45957432059648295,0.02558760968455878,0
2025-01-01T00:05:51Z,-0.5460282088543761,0.02290843738177441,0
2025-01-01T00:05:52Z,-0.6270154450128368,0.020533039688565437,0
2025-01-01T00:05:53Z,-0.7017252119063897,0.018457025225006904,0
2025-01-01T00:05:54Z,-0.7694095402956916,0.01667174025753336,0
2025-01-01T00:05:55Z,-0.8293907972857969,0.015165504750049739,0
2025-01-01T00:05:56Z,-0.8810684705604287,0.013924960419006812,0
2025-01-01T00:05:57Z,-0.9239251805107693,0.012936326710548111,0
2025-01-01T00:05:58Z,-0.9575318600673419,0.01218653797209486,0
2025-01-01T00:05:59Z,-0.981552050376238,0.011664328564092389,0
2025-01-01T00:06:00Z,-0.9957452693128135,0.011361164914729481,0
2025-01-01T00:06:01Z,-0.9999694191084199,0.01127168724912214,0
2025-01-01T00:06:02Z,-0.9941822089858152,0.01139433652243804,0
2025-01-01T00:06:03Z,-0.9784415785603043,0.011731316835448698,0
2025-01-01T00:06:04Z,-0.9529051177676573,0.01228843735893741,0
2025-01-01T00:06:05Z,-0.9178284891262943,0.01307475129402101,0
2025-01-01T00:06:06Z,-0.8735628681295213,0.01410186014504466,0
2025-01-01T00:06:07Z,-0.8205514273937538,0.015382998282417243,0
2025-01-01T00:06:08Z,-0.7593248997622638,0.016931980853806854,0
2025-01-01T00:06:09Z,-0.6904962647851738,0.01876199609456678,0
2025-01-01T00:06:10Z,-0.6147546117728842,0.0208843045536786,0
2025-01-01T00:06:11Z,-0.5328582408639952,0.023307005915964064,0
2025-01-01T00:06:12Z,-0.44562707117752914,0.026033718473727197,0
2025-01-01T00:06:13Z,-0.3539344320564935,0.029062438881014428,0
2025-01-01T00:06:14Z,-0.2586983195861184,0.03238463057607835,0
2025-01-01T00:06:15Z,-0.1608722059235846,0.03598430048102201,0
2025-01-01T00:06:16Z,-0.06143549345316573,0.039837612583719144,0
2025-01-01T00:06:17Z,0.03861629066340501,0.04391253589680095,0
2025-01-01T00:06:18Z,0.13828146137245545,0.04816892117064035,0
2025-01-01T00:06:19Z,0.23656220426465308,0.05255898346194666,0
2025-01-01T00:06:20Z,0.33247456535968495,0.05702781306507777,0
2025-01-01T00:06:21Z,0.4250583021249505,0.06151446195390315,0
2025-01-01T00:06:22Z,0.5133864971031575,0.06595326670069977,0
2025-01-01T00:06:23Z,0.5965748379003917,0.07027513001709453,0
2025-01-01T00:06:24Z,0.6737904706265188,0.07440939916614657,0
2025-01-01T00:06:25Z,0.7442603381502286,0.07828564371036043,0
2025-01-01T00:06:26Z,0.8072789196888984,0.08183538728304525,0
2025-01-01T00:06:27Z,0.8622152942470825,0.08499406295504104,0
2025-01-01T00:06:28Z,0.9085194571868453,0.08770287872548378,0
2025-01-01T00:06:29Z,0.94572782669054,0.08991037651338314,0
2025-01-01T00:06:30Z,0.9734678849871697,0.09157400530108893,0
2025-01-01T00:06:31Z,0.9914619078759211,0.0926612722357248,0
2025-01-01T00:06:32Z,0.9995297452081262,0.09315085358013735,0
2025-01-01T00:06:33Z,0.9975906244903957,0.09303309053490338,0
2025-01-01T00:06:34Z,0.985663959551852,0.09231020630205021,0
2025-01-01T00:06:35Z,0.9638691561793543,0.09099659949065483,0
2025-01-01T00:06:36Z,0.9324244166666318,0.08911794433826206,0
2025-01-01T00:06:37Z,0.8916445552457808,0.08671078264226839,0
2025-01-01T00:06:38Z,0.8419378462722938,0.08382122494160021,0
2025-01-01T00:06:39Z,0.7838019367185425,0.08050376938575776,0
2025-01-01T00:06:40Z,0.717818863898462,0.07681967885566184,0
2025-01-01T00:06:41Z,0.6446492283043155,0.07283522636081942,0
2025-01-01T00:06:42Z,0.5650255798951515,0.0686198991840076,0
2025-01-01T00:06:43Z,0.47974508405122307,0.0642444031845268,0
2025-01-01T00:06:44Z,0.38966154062038794,0.05977906528178329,0
2025-01-01T00:06:45Z,0.2956768359591289,0.05529174038365228,0
2025-01-01T00:06:46Z,0.1987319135475071,0.0508464774999181,0
2025-01-01T00:06:47Z,0.09979735357723594,0.04650207080968324,0
2025-01-01T00:06:48Z,-0.00013634417310600844,0.04231066830120079,0
2025-01-01T00:06:49Z,-0.10006867689111434,0.0383172405521136,0
2025-01-01T00:06:50Z,-0.19899915543063254,0.03455879774313175,0
2025-01-01T00:06:51Z,-0.2959373208750039,0.031064168632883925,0
2025-01-01T00:06:52Z,-0.3899126606810149,0.02785418616471417,0
2025-01-01T00:06:53Z,-0.479984325126408,0.02494173838363753,0
2025-01-01T00:06:54Z,-0.5652505467831361,0.02233286487008236,0
2025-01-01T00:06:55Z,-0.6448576687117374,0.020027190791373727,0
2025-01-01T00:06:56Z,-0.7180086909895635,0.018019223774443538,0
2025-01-01T00:06:57Z,-0.7839712500078742,0.016299508504027838,0
2025-01-01T00:06:58Z,-0.842084950651739,0.014855873188383717,0
2025-01-01T00:06:59Z,-0.8917679779554131,0.013674746418408991,0
2025-01-01T00:07:00Z,-0.9325229220394953,0.012742376233469474,0
2025-01-01T00:07:01Z,-0.9639417580125483,0.0120460642052293,0
2025-01-01T00:07:02Z,-0.9857099309800657,0.011575110472789968,0
2025-01-01T00:07:03Z,-0.9976095052630402,0.011321637757700832,0
2025-01-01T00:07:04Z,-0.9995213462972102,0.01128117045002104,0
2025-01-01T00:07:05Z,-0.9914263133685365,0.011452982123653411,0
2025-01-01T00:07:06Z,-0.9734054512436388,0.011840160739017797,0
2025-01-01T00:07:07Z,-0.945639178776653,0.012449298650647303,0
2025-01-01T00:07:08Z,-0.9084054826159168,0.013290138643397256,0
2025-01-01T00:07:09Z,-0.8620771340944586,0.014374718616772484,0
2025-01-01T00:07:10Z,-0.8071179571678933,0.015716487467142624,0
2025-01-01T00:07:11Z,-0.7440781847638547,0.01732925198114142,0
2025-01-01T00:07:12Z,-0.6735889500336563,0.019225892804614918,0
2025-01-01T00:07:13Z,-0.5963559676579255,0.021416999836249576,0
2025-01-01T00:07:14Z,-0.5131524684668709,0.023909792411094796,0
2025-01-01T00:07:15Z,-0.42481145811140403,0.026706666699517486,0
2025-01-01T00:07:16Z,-0.3322173772887171,0.029804191593848024,0
2025-01-01T00:07:17Z,-0.23629724701735108,0.03319216747604424,0
2025-01-01T00:07:18Z,-0.1380113876123058,0.03685283741426868,0
2025-01-01T00:07:19Z,-0.038343804278712375,0.04076045853979656,0
2025-01-01T00:07:20Z,0.06170766441970541,0.044881153321155005,0
2025-01-01T00:07:21Z,0.1611413365871366,0.04917294622372549,0
2025-01-01T00:07:22Z,0.2589617155003463,0.05358633768532138,0
2025-01-01T00:07:23Z,0.35418945618945624,0.058064879413454576,0
2025-01-01T00:07:24Z,0.44587117031276413,0.06254647240397686,0
2025-01-01T00:07:25Z,0.5330889711624691,0.06696446182464325,0
2025-01-01T00:07:26Z,0.6149696632398931,0.07124928410549199,0
2025-01-01T00:07:27Z,0.6906934843972394,0.07533021077935945,0
2025-01-01T00:07:28Z,0.7595023130224848,0.07913697381417918,0
2025-01-01T00:07:29Z,0.82070725809981,0.08260195943588391,0
2025-01-01T00:07:30Z,0.8736955561564181,0.08566169581593819,0
2025-01-01T00:07:31Z,0.9179367060458131,0.08825899348317569,0
2025-01-01T00:07:32Z,0.9529877801481352,0.09034429399970839,0
2025-01-01T00:07:33Z,0.9784978588135903,0.0918772953462534,0
2025-01-01T00:07:34Z,0.9942115436528062,0.09282800466314259,0
2025-01-01T00:07:35Z,0.9999715145002253,0.09317770353579136,0
2025-01-01T00:07:36Z,0.9957201044510703,0.09291950968917245,0
2025-01-01T00:07:37Z,0.981499877203139,0.09205851163563564,0
2025-01-01T00:07:38Z,0.9574532009232748,0.09061172374845372,0
2025-01-01T00:07:39Z,0.9238208229048188,0.08860736156540835,0
2025-01-01T00:07:40Z,0.880939459286099,0.0860843556406001,0
2025-01-01T00:07:41Z,0.8292384239608875,0.08309084301366984,0
2025-01-01T00:07:42Z,0.7692353304310517,0.07968306933701133,0
2025-01-01T00:07:43Z,0.7015309096330126,0.07592355052866329,0
2025-01-01T00:07:44Z,0.6268029956202027,0.07187955643773909,0
2025-01-01T00:07:45Z,0.5457997393148639,0.06762087453303203,0
2025-01-01T00:07:46Z,0.4593321182708327,0.06321848434300471,0
2025-01-01T00:07:47Z,0.3682658174370698,0.05874212684940169,0
2025-01-01T00:07:48Z,0.27351256220901765,0.054259013780125466,0
2025-01-01T00:07:49Z,0.1760209905383807,0.04983204843214697,0
2025-01-01T00:07:50Z,0.07676715548671857,0.04551856184087165,0
2025-01-01T00:07:51Z,-0.02325524669188633,0.041369212273587766,0
2025-01-01T00:07:52Z,-0.12304482510591366,0.03742705832799717,0
2025-01-01T00:07:53Z,-0.22160251981763043,0.03372730513691757,0
2025-01-01T00:07:54Z,-0.3179416040975853,0.03029686200923964,0
2025-01-01T00:07:55Z,-0.4110975632031401,0.027154700314827095,0
2025-01-01T00:07:56Z,-0.5001377507780058,0.024312104962750363,0
2025-01-01T00:07:57Z,-0.5841707261961363,0.021773489511603912,0
2025-01-01T00:07:58Z,-0.6623551793676098,0.019537251540134526,0
2025-01-01T00:07:59Z,-0.7339083536543224,0.017596809285667384,0
2025-01-01T00:08:00Z,-0.7981138825680733,0.015942021848669156,0
2025-01-01T00:08:01Z,-0.8543289617926387,0.014560247623905754,0
2025-01-01T00:08:02Z,-0.9019907847259433,0.01343777170147438,0
2025-01-01T00:08:03Z,-0.9406221771118294,0.01256100174603202,0
2025-01-01T00:08:04Z,-0.9698363743493739,0.011917603106128674,0
2025-01-01T00:08:05Z,-0.9893408936509257,0.011497460192247183,0
2025-01-01T00:08:06Z,-0.998940462282111,0.011293448003236681,0
2025-01-01T00:08:07Z,-0.998538972567245,0.011301953434594917,0
2025-01-01T00:08:08Z,-0.9881404440872891,0.01152311118333549,0
2025-01-01T00:08:09Z,-0.9678489834371484,0.011960843175089367,0
2025-01-01T00:08:10Z,-0.9378677419452064,0.012622537995816849,0
2025-01-01T00:08:11Z,-0.8984968817900607,0.013518522450963567,0
2025-01-01T00:08:12Z,-0.8501305708770202,0.014661287031672675,0
2025-01-01T00:08:13Z,-0.7932530365606554,0.016064453267639493,0
2025-01-01T00:08:14Z,-0.7284337177222167,0.017741697053801006,0
2025-01-01T00:08:15Z,-0.6563215637376995,0.0197055035572533,0
2025-01-01T00:08:16Z,-0.5776385374133863,0.021965821786551844,0
2025-01-01T00:08:17Z,-0.4931723869353062,0.024528824862049832,0
2025-01-01T00:08:18Z,-0.40376875919743666,0.027395679259860493,0
2025-01-01T00:08:19Z,-0.3103227334673774,0.030561458157705335,0
2025-01-01T00:08:20Z,-0.21376986015160393,0.03401428165597538,0
2025-01-01T00:08:21Z,-0.11507679437719362,0.037734562287002296,0
2025-01-01T00:08:22Z,-0.015231618163474821,0.041694734669624776,0
2025-01-01T00:08:23Z,0.08476605192521393,0.045858966890812106,0
2025-01-01T00:08:24Z,0.1839150726067781,0.050183528811686376,0
2025-01-01T00:08:25Z,0.2812227969936095,0.05461716450660475,0
2025-01-01T00:08:26Z,0.3757150126417645,0.05910210825832001,0
2025-01-01T00:08:27Z,0.46644569504064703,0.06357507375570601,0
2025-01-01T00:08:28Z,0.5525064788945165,0.06796855676007926,0
2025-01-01T00:08:29Z,0.6330357523725104,0.07221259318152241,0
2025-01-01T00:08:30Z,0.7072272832785892,0.07623634737346235,0
2025-01-01T00:08:31Z,0.7743382907790688,0.07997010807971439,0
2025-01-01T00:08:32Z,0.8336968818763013,0.08334686001088683,0
2025-01-01T00:08:33Z,0.8847087781770113,0.08630466147942256,0
2025-01-01T00:08:34Z,0.9268632656091302,0.08878777343224697,0
2025-01-01T00:08:35Z,0.9597383075205503,0.09074868286536263,0
2025-01-01T00:08:36Z,0.9830047699691608,0.0921494729361589,0
2025-01-01T00:08:37Z,0.9964297169019727,0.09296259069197733,0
2025-01-01T00:08:38Z,0.9998787422331009,0.093172061766823,0
2025-01-01T00:08:39Z,0.9933173154726154,0.09277375529604628,0
2025-01-01T00:08:40Z,0.9768111274342759,0.09177550779624195,0
2025-01-01T00:08:41Z,0.9505254325610402,0.09019699568750049,0
2025-01-01T00:08:42Z,0.9147233944527619,0.08806903786751306,0
2025-01-01T00:08:43Z,0.8697634511601038,0.08543278372062604,0
2025-01-01T00:08:44Z,0.8160957266224624,0.08233828758194675,0
2025-01-01T00:08:45Z,0.7542575241773906,0.07884352513242,0
2025-01-01T00:08:46Z,0.6848679472589961,0.07501220225324408,0
2025-01-01T00:08:47Z,0.608621701141088,0.07091235335937268,0
2025-01-01T00:08:48Z,0.5262821377799487,0.0666142201752015,0
2025-01-01T00:08:49Z,0.4386736133894428,0.06218860954897484,0
2025-01-01T00:08:50Z,0.34667323526187005,0.057704861436039416,0
2025-01-01T00:08:51Z,0.251202080462635,0.05322930883384364,0
2025-01-01T00:08:52Z,0.15321597431423056,0.04882369498721216,0
2025-01-01T00:08:53Z,0.053695920992274784,0.044543879003108765,0
2025-01-01T00:08:54Z,-0.04636171796072237,0.04043883082041545,0
2025-01-01T00:08:55Z,-0.1459551988744215,0.03654984553648577,0
2025-01-01T00:08:56Z,-0.2440874250737827,0.03291021387929836,0
2025-01-01T00:08:57Z,-0.33977592947802965,0.029544956647693636,0
2025-01-01T00:08:58Z,-0.4320627107330005,0.026471245425781963,0
2025-01-01T00:08:59Z,-0.520023824400814,0.02369873467234052,0
2025-01-01T00:09:00Z,-0.602778633183061,0.02123028398905099,0
2025-01-01T00:09:01Z,-0.6794986235673781,0.01906308749102816,0
2025-01-01T00:09:02Z,-0.7494157006280783,0.0171896553583255,0
2025-01-01T00:09:03Z,-0.8118298779360688,0.015599098053819366,0
2025-01-01T00:09:04Z,-0.8661162855892411,0.01427846621542818,0
2025-01-01T00:09:05Z,-0.9117314262012786,0.013213921602050753,0
2025-01-01T00:09:06Z,-0.9482186162160035,0.012392078882909918,0
2025-01-01T00:09:07Z,-0.9752125580706492,0.011801046649491777,0
2025-01-01T00:09:08Z,-0.9924429974330793,0.011431333669381276,0
2025-01-01T00:09:09Z,-0.9997374288979183,0.011276594816580497,0
2025-01-01T00:09:10Z,-0.9970228230530687,0.011334055525985594,0
2025-01-01T00:09:11Z,-0.9843263576257982,0.01160476152975635,0
2025-01-01T00:09:12Z,-0.9617751453884106,0.012093453803184714,0
2025-01-01T00:09:13Z,-0.9295949615476131,0.01280826285252141,0
2025-01-01T00:09:14Z,-0.888107983358538,0.01376008494324701,0
2025-01-01T00:09:15Z,-0.8377295645936439,0.014961741281570528,0
2025-01-01T00:09:16Z,-0.7789640771594388,0.016427035110461084,0
2025-01-01T00:09:17Z,-0.7123998614933711,0.01816943164845924,0
2025-01-01T00:09:18Z,-0.638703336295825,0.02020095318623364,0
2025-01-01T00:09:19Z,-0.558612326568621,0.02253080714157406,0
2025-01-01T00:09:20Z,-0.47292867675746947,0.02516408863417056,0
2025-01-01T00:09:21Z,-0.382510222953128,0.028100680130742062,0
2025-01-01T00:09:22Z,-0.2882622045229069,0.03133409316630604,0
2025-01-01T00:09:23Z,-0.19112820115639767,0.03485070984548016,0
2025-01-01T00:09:24Z,-0.09208068606069678,0.03862918103812109,0
2025-01-01T00:09:25Z,0.007888710116618965,0.042639929103759376,0
2025-01-01T00:09:26Z,0.10777912716241454,0.046845366755272864,0
2025-01-01T00:09:27Z,0.20659049557624734,0.05119988849268278,0
2025-01-01T00:09:28Z,0.3033335489322662,0.05565079699970806,0
2025-01-01T00:09:29Z,0.3970397280843351,0.06013874608026291,0
2025-01-01T00:09:30Z,0.4867708780567867,0.06459944151715952,0
2025-01-01T00:09:31Z,0.5716286405387737,0.06896467571573271,0
2025-01-01T00:09:32Z,0.6507634479477008,0.07316411867210136,0
2025-01-01T00:09:33Z,0.7233830290161772,0.07712702406369977,0
2025-01-01T00:09:34Z,0.7887603407473935,0.08078407573302841,0
2025-01-01T00:09:35Z,0.8462408473268348,0.08406942655467296,0
2025-01-01T00:09:36Z,0.8952490731162949,0.08692221616508014,0
2025-01-01T00:09:37Z,0.9352943641238062,0.08928862030212528,0
2025-01-01T00:09:38Z,0.9659758002675694,0.09112317949828241,0
2025-01-01T00:09:39Z,0.9869862092539391,0.09239024261211659,0
2025-01-01T00:09:40Z,0.9981152418838578,0.09306491982043162,0
2025-01-01T00:09:41Z,0.9992514779987982,0.09313393443410316,0
2025-01-01T00:09:42Z,0.990383541982185,0.09259594991740785,0
2025-01-01T00:09:43Z,0.9716002166482698,0.0914615018220443,0
2025-01-01T00:09:44Z,0.9430895543782408,0.08975296899642408,0
2025-01-01T00:09:45Z,0.9051369944025759,0.08750358095985765,0
2025-01-01T00:09:46Z,0.8581225050787802,0.08475667934898228,0
2025-01-01T00:09:47Z,0.8025167797750679,0.0815643992490875,0
2025-01-01T00:09:48Z,0.7388765244455321,0.07798604467567892,0
2025-01-01T00:09:49Z,0.6678388840760253,0.07408652022975362,0
2025-01-01T00:09:50Z,0.5901150638013143,0.06993458906985545,0
2025-01-01T00:09:51Z,0.5064832085567533,0.06560077947569941,0
2025-01-01T00:09:52Z,0.41778061255102705,0.0611556600987758,0
2025-01-01T00:09:53Z,0.3248953365561184,0.05666801892161823,0
2025-01-01T00:09:54Z,0.2287573169393982,0.052203342839426105,0
2025-01-01T00:09:55Z,0.130329055451235,0.04782208424210316,0
2025-01-01T00:09:56Z,0.030595982978865777,0.043578548672303014,0
2025-01-01T00:09:57Z,-0.06944340625859612,0.03952002814212587,0
2025-01-01T00:09:58Z,-0.1687875513008763,0.03568598057286277,0
2025-01-01T00:09:59Z,-0.26644185174040824,0.03210777971865493,0
2025-01-01T00:10:00Z,-0.3614286253295429,0.028808652426621208,0
2025-01-01T00:10:01Z,-0.45279689620872027,0.025803909516563067,0
2025-01-01T00:10:02Z,-0.5396319157592359,0.0231015808111667,0
2025-01-01T00:10:03Z,-0.6210643207609623,0.020703154230897036,0
2025-01-01T00:10:04Z,-0.6962788371666144,0.018604636230055278,0
2025-01-01T00:10:05Z,-0.7645224423532779,0.016797596829936756,0
2025-01-01T00:10:06Z,-0.8251119041334635,0.015270596335451232,0
2025-01-01T00:10:07Z,-0.8774406210476253,0.01401032444755779,0
2025-01-01T00:10:08Z,-0.9209846954554207,0.013003001508026373,0
2025-01-01T00:10:09Z,-0.9553081786239469,0.012235449233139246,0
2025-01-01T00:10:10Z,-0.9800674353008848,0.011696282059611325,0
2025-01-01T00:10:11Z,-0.9950145840758996,0.011376670807127892,0
2025-01-01T00:10:12Z,-0.9999999790865497,0.011271037145623495,0
2025-01-01T00:10:13Z,-0.9949737082226923,0.011377531875829612,0
2025-01-01T00:10:14Z,-0.9799860928298633,0.011698031758556661,0
2025-01-01T00:10:15Z,-0.9551871839087697,0.012238116326281462,0
2025-01-01T00:10:16Z,-0.9208252598547738,0.013006612742540653,0
2025-01-01T00:10:17Z,-0.8772443407775045,0.01401495563567236,0
2025-01-01T00:10:18Z,-0.8248807442863919,0.0152762866350785,0
2025-01-01T00:10:19Z,-0.7642587172244567,0.016804398286306484,0
2025-01-01T00:10:20Z,-0.6959851870839711,0.0186126111729021,0
2025-01-01T00:10:21Z,-0.6207436856510697,0.020712339030413075,0
2025-01-01T00:10:22Z,-0.5392875057137491,0.02311199515760166,0
2025-01-01T00:10:23Z,-0.45243215934601066,0.025815570389439844,0
2025-01-01T00:10:24Z,-0.3610472132732884,0.028821533355573487,0
2025-01-01T00:10:25Z,-0.26604758306075643,0.032121824075576365,0
2025-01-01T00:10:26Z,-0.16838437328419523,0.035701121238830104,0
2025-01-01T00:10:27Z,-0.06903535538856823,0.0395361905078339,0
2025-01-01T00:10:28Z,0.031004821433191544,0.043595530560793204,0
2025-01-01T00:10:29Z,0.13073458833577167,0.047839746409609994,0
2025-01-01T00:10:30Z,0.22915548419431975,0.05222146654826305,0
2025-01-01T00:10:31Z,0.3252821518638231,0.05668635686582359,0
2025-01-01T00:10:32Z,0.41815220324581787,0.061173941155287556,0
2025-01-01T00:10:33Z,0.5068358543966743,0.06561874508792619,0
2025-01-01T00:10:34Z,0.5904452342139701,0.06995200403074624,0
2025-01-01T00:10:35Z,0.6681432735054937,0.07410305363809497,0
2025-01-01T00:10:36Z,0.7391520854464859,0.07800136665993503,0
2025-01-01T00:10:37Z,0.8027607535227798,0.08157829164163707,0
2025-01-01T00:10:38Z,0.8583324489895547,0.08476887858727823,0
2025-01-01T00:10:39Z,0.9053108065880822,0.08751381524923653,0
2025-01-01T00:10:40Z,0.9432254946889161,0.08976107051747673,0
2025-01-01T00:10:41Z,0.9716969240951148,0.09146730790993135,0
2025-01-01T00:10:42Z,0.9904400483625373,0.09259937888121586,0
2025-01-01T00:10:43Z,0.9992672175896441,0.09313491674141486,0
2025-01-01T00:10:44Z,0.9980900571056701,0.093063399542111,0
2025-01-01T00:10:45Z,0.9869203522483082,0.0923862510062697,0
2025-01-01T00:10:46Z,0.9658699303728427,0.09111679779459478,0
2025-01-01T00:10:47Z,0.9351495412740217,0.08928001288105512,0
2025-01-01T00:10:48Z,0.895066747229461,0.08691148423542396,0
2025-01-01T00:10:49Z,0.8460228437888552,0.0840568513178647,0
2025-01-01T00:10:50Z,0.788508842136888,0.08076986535244167,0
2025-01-01T00:10:51Z,0.7231005532532635,0.07711141408302541,0
2025-01-01T00:10:52Z,0.6504528230853842,0.07314739717983461,0
2025-01-01T00:10:53Z,0.5712929764494638,0.06894714077901105,0
2025-01-01T00:10:54Z,0.48641353529725034,0.06458136285779091,0
2025-01-01T00:10:55Z,0.39666428425097067,0.060120420009369804,0
2025-01-01T00:10:56Z,0.3029437628433536,0.0556324787391299,0
2025-01-01T00:10:57Z,0.2061902696399664,0.05118187114248736,0
2025-01-01T00:10:58Z,0.10737246830718357,0.04682783745445337,0
2025-01-01T00:10:59Z,0.00747968967512066,0.04262312641567958,0
2025-01-01T00:11:00Z,-0.09248797311239479,0.038613236990552094,0
2025-01-01T00:11:01Z,-0.19152967719631944,0.03483579573236,0
2025-01-01T00:11:02Z,-0.28865385010701394,0.03132027836032708,0
2025-01-01T00:11:03Z,-0.38288811705659537,0.028088046402422538,0
2025-01-01T00:11:04Z,-0.4732890360307313,0.025152704186783073,0
2025-01-01T00:11:05Z,-0.5589515432149509,0.022520671982048608,0
2025-01-01T00:11:06Z,-0.6390180141914412,0.020192045079511008,0
2025-01-01T00:11:07Z,-0.712686850188248,0.018161726552979575,0
2025-01-01T00:11:08Z,-0.7792205034186034,0.016420478264987416,0
2025-01-01T00:11:09Z,-0.8379528611630053,0.014956299238265107,0
2025-01-01T00:11:10Z,-0.888295914667414,0.013755689746573981,0
2025-01-01T00:11:11Z,-0.9297456460904858,0.012804862291706383,0
2025-01-01T00:11:12Z,-0.9618870745619581,0.01209100081819848,0
2025-01-01T00:11:13Z,-0.9843984108325061,0.011603205346060469,0
2025-01-01T00:11:14Z,-0.9970542789202935,0.011333396090425897,0
2025-01-01T00:11:15Z,-0.99972797250002,0.011276795122949193,0
2025-01-01T00:11:16Z,-0.9923927234443556,0.01143239716667219,0
2025-01-01T00:11:17Z,-0.9751219698174897,0.011803004240715752,0
2025-01-01T00:11:18Z,-0.9480886206377467,0.012394962238975847,0
2025-01-01T00:11:19Z,-0.911563324770251,0.013217759590626096,0
2025-01-01T00:11:20Z,-0.8659117612808328,0.014283321965297411,0
2025-01-01T00:11:21Z,-0.8115909783793682,0.015605054271680708,0
2025-01-01T00:11:22Z,-0.7491448176056668,0.017196734789475823,0
2025-01-01T00:11:23Z,-0.6791984690696226,0.019071334119083388,0
2025-01-01T00:11:24Z,-0.6024522122565771,0.02123974642205298,0
2025-01-01T00:11:25Z,-0.5196744050629091,0.023709446324874123,0
2025-01-01T00:11:26Z,-0.43169379125342106,0.026483200457688535,0
2025-01-01T00:11:27Z,-0.33939120335540424,0.02955812196272248,0
2025-01-01T00:11:28Z,-0.2436907440575982,0.03292454709263729,0
2025-01-01T00:11:29Z,-0.14555053440253998,0.03656527421661382,0
2025-01-01T00:11:30Z,-0.04595312139872635,0.04045517926714563,0
2025-01-01T00:11:31Z,0.05410435891205772,0.0445610551635679,0
2025-01-01T00:11:32Z,0.15362016444771742,0.048841478208506955,0
2025-01-01T00:11:33Z,0.2515979761931889,0.053247498592914194,0
2025-01-01T00:11:34Z,0.3470568730136189,0.057723204463668194,0
2025-01-01T00:11:35Z,0.43904115230933227,0.062206859750669974,0
2025-01-01T00:11:36Z,0.5266298981910272,0.06663208734302145,0
2025-01-01T00:11:37Z,0.6089462013822549,0.07092956937046851,0
2025-01-01T00:11:38Z,0.6851659385421812,0.07502846695215282,0
2025-01-01T00:11:39Z,0.7545260231133811,0.0788585440129187,0
2025-01-01T00:11:40Z,0.8163320450895581,0.08235181403376775,0
2025-01-01T00:11:41Z,0.8699652232167309,0.08544449008222331,0
2025-01-01T00:11:42Z,0.9148886000244573,0.08807879884647438,0
2025-01-01T00:11:43Z,0.9506524176647905,0.09020458262222772,0
2025-01-01T00:11:44Z,0.9768986207376205,0.09178080406896093,0
2025-01-01T00:11:45Z,0.9933644410218195,0.09277661788718894,0
2025-01-01T00:11:46Z,0.9998850282229004,0.09317243229955238,0
2025-01-01T00:11:47Z,0.9963951003991368,0.09296049773137045,0
2025-01-01T00:11:48Z,0.9829295975425582,0.09214492302514768,0
2025-01-01T00:11:49Z,0.9596233317714122,0.09074180438433399,0
2025-01-01T00:11:50Z,0.9267096376362688,0.08877863379209862,0
2025-01-01T00:11:51Z,0.8845180360523865,0.08629347843669537,0
2025-01-01T00:11:52Z,0.8334709352463797,0.08333388705910445,0
2025-01-01T00:11:53Z,0.7740794017460542,0.07995552628779533,0
2025-01-01T00:11:54Z,0.7069380437530418,0.07622043177258234,0
2025-01-01T00:11:55Z,0.6327190581239682,0.07219566696215841,0
2025-01-01T00:11:56Z,0.5521655005600576,0.06795085514192244,0
2025-01-01T00:11:57Z,0.4660838463814861,0.06355692816063464,0
2025-01-01T00:11:58Z,0.37533591636586244,0.05908375255073165,0
2025-01-01T00:11:59Z,0.2808302484862812,0.05459890813914105,0
2025-01-01T00:12:00Z,0.1835130019326142,0.05016557687770545,0
2025-01-01T00:12:01Z,0.08435848448153238,0.04584160740941801,0
2025-01-01T00:12:02Z,-0.01564060194750712,0.041678120862391366,0
2025-01-01T00:12:03Z,-0.11548309989251133,0.037718890697035504,0
2025-01-01T00:12:04Z,-0.2141694196030456,0.03399962256846025,0
2025-01-01T00:12:05Z,-0.31071154659914835,0.030547940580996642,0
2025-01-01T00:12:06Z,-0.4041429333422792,0.027383335584996425,0
2025-01-01T00:12:07Z,-0.4935281759866378,0.024517736813098514,0
2025-01-01T00:12:08Z,-0.5779723793300166,0.021955965757633738,0
2025-01-01T00:12:09Z,-0.6566301162058455,0.019696870967425215,0
2025-01-01T00:12:10Z,-0.7287138916175877,0.017734259792244925,0
2025-01-01T00:12:11Z,-0.7935020268757751,0.016058169032084412,0
2025-01-01T00:12:12Z,-0.8503458848039868,0.01465609043042215,0
2025-01-01T00:12:13Z,-0.8986763636777418,0.013514374320387105,0
2025-01-01T00:12:14Z,-0.9380095948808681,0.012619372583110097,0
2025-01-01T00:12:15Z,-0.9679517872365708,0.01195860227291124,0
2025-01-01T00:12:16Z,-0.9882031695131567,0.011521772822429357,0
2025-01-01T00:12:17Z,-0.9985609916335412,0.011301482344431532,0
2025-01-01T00:12:18Z,-0.9989215545412957,0.011293848803074791,0
2025-01-01T00:12:19Z,-0.9892812484009857,0.011498739875809915,0
2025-01-01T00:12:20Z,-0.9697365887386373,0.011919770280508314,0
2025-01-01T00:12:21Z,-0.9404832501605074,0.012564103636693528,0
2025-01-01T00:12:22Z,-0.9018141073242874,0.013441852924401743,0
2025-01-01T00:12:23Z,-0.8541163027757926,0.014565359255156918,0
2025-01-01T00:12:24Z,-0.7978673710071108,0.015948216931671068,0
2025-01-01T00:12:25Z,-0.7336304575406691,0.017604153579422833,0
2025-01-01T00:12:26Z,-0.6620486809043713,0.019545771517577405,0
2025-01-01T00:12:27Z,-0.5838386939435711,0.02178324785914809,0
2025-01-01T00:12:28Z,-0.4997835089321673,0.024323113838606525,0
2025-01-01T00:12:29Z,-0.4107246583150894,0.027166947988911245,0
2025-01-01T00:12:30Z,-0.31755376956655557,0.03031030854795662,0
2025-01-01T00:12:31Z,-0.2212036385134286,0.03374187898924408,0
2025-01-01T00:12:32Z,-0.1226388904949784,0.03744270009418068,0
2025-01-01T00:12:33Z,-0.02284632285598016,0.04138576181722408,0
2025-01-01T00:12:34Z,0.07717497453868268,0.04553589687867563,0
2025-01-01T00:12:35Z,0.1764236218582459,0.04984994052565667,0
2025-01-01T00:12:36Z,0.2739059747864407,0.05427725593035522,0
2025-01-01T00:12:37Z,0.3686460725567059,0.058760460094730516,0
2025-01-01T00:12:38Z,0.4596954089453842,0.06323665846753528,0
2025-01-01T00:12:39Z,0.5461424283994184,0.06763862747814847,0
2025-01-01T00:12:40Z,0.6271216522260631,0.07189652518824359,0
2025-01-01T00:12:41Z,0.7018223434766566,0.07593953049504985,0
2025-01-01T00:12:42Z,0.7694966237741413,0.07969773655868795,0
2025-01-01T00:12:43Z,0.8294669608217307,0.08310392102771157,0
2025-01-01T00:12:44Z,0.8811329516299492,0.08609562630767512,0
2025-01-01T00:12:45Z,0.9239773335509464,0.08861663888761707,0
2025-01-01T00:12:46Z,0.9575711629393466,0.09061878794455941,0
2025-01-01T00:12:47Z,0.9815781095928439,0.09206325631541756,0
2025-01-01T00:12:48Z,0.9957578239778426,0.09292180279072206,0
2025-01-01T00:12:49Z,0.9999683435287595,0.09317749825868155,0
2025-01-01T00:12:50Z,0.99416751392981,0.09282530499273453,0
2025-01-01T00:12:51Z,0.9784134111499465,0.09187219206767093,0
2025-01-01T00:12:52Z,0.9528637600056568,0.09033689018386502,0
2025-01-01T00:12:53Z,0.9177743550727498,0.08824940236720395,0
2025-01-01T00:12:54Z,0.8734964997565063,0.08565010824716981,0
2025-01-01T00:12:55Z,0.8204734891592507,0.08258856784129587,0
2025-01-01T00:12:56Z,0.7592361719578596,0.07912210263072618,0
2025-01-01T00:12:57Z,0.6903976357240094,0.07531403810740363,0
2025-01-01T00:12:58Z,0.6146470688961962,0.07123213721235001,0
2025-01-01T00:12:59Z,0.5327428608551439,0.066946609848183,0
2025-01-01T00:13:00Z,0.44550500918264757,0.06252821570540783,0
2025-01-01T00:13:01Z,0.3538069101195034,0.05804650923246895,0
2025-01-01T00:13:02Z,0.25856661441408446,0.05356812914288919,0
2025-01-01T00:13:03Z,0.16073763610469713,0.04915515220802242,0
2025-01-01T00:13:04Z,0.06129940625553034,0.044863948898364286,0
2025-01-01T00:13:05Z,-0.0387525327802214,0.04074404287111809,0
2025-01-01T00:13:06Z,-0.13841649439785858,0.03683735305405928,0
2025-01-01T00:13:07Z,-0.23669467629309635,0.033177747217303294,0
2025-01-01T00:13:08Z,-0.33260315012544034,0.029790933271611884,0
2025-01-01T00:13:09Z,-0.42518171228029317,0.026694615082265484,0
2025-01-01T00:13:10Z,-0.513503497106808,0.02389898282980528,0
2025-01-01T00:13:11Z,-0.5966842563873939,0.021407440040134666,0
2025-01-01T00:13:12Z,-0.6738912121355058,0.019217534335615155,0
2025-01-01T00:13:13Z,-0.7443513940908624,0.017322111769651198,0
2025-01-01T00:13:14Z,-0.8073593784394967,0.015710472870454746,0
2025-01-01T00:13:15Z,-0.8622843502815093,0.014369764630446622,0
2025-01-01T00:13:16Z,-0.9085764191391357,0.013286220855779667,0
2025-01-01T00:13:17Z,-0.945772124276654,0.012446365784908672,0
2025-01-01T00:13:18Z,-0.9734990747144623,0.011838130032280776,0
2025-01-01T00:13:19Z,-0.9914796774832605,0.011451847538794177,0
2025-01-01T00:13:20Z,-0.9995339167921354,0.011280899959732894,0
2025-01-01T00:13:21Z,-0.9975811562865693,0.011322226740282817,0
2025-01-01T00:13:22Z,-0.985640946352686,0.0115765819253425,0
2025-01-01T00:13:23Z,-0.9638328283853116,0.012048442802397382,0
2025-01-01T00:13:24Z,-0.9323751379794599,0.012745699041875887,0
2025-01-01T00:13:25Z,-0.8915828190272356,0.013679032014731366,0
2025-01-01T00:13:26Z,-0.8418642706047871,0.014861229285510976,0
2025-01-01T00:13:27Z,-0.7837172582170815,0.01630596000462615,0
2025-01-01T00:13:28Z,-0.7177239303359366,0.01802685114895469,0
2025-01-01T00:13:29Z,-0.6445449901238443,0.020036002445772232,0
2025-01-01T00:13:30Z,-0.564913080694601,0.022342920011490672,0
2025-01-01T00:13:31Z,-0.47962545013501245,0.02495304409935307,0
2025-01-01T00:13:32Z,-0.38953596972335097,0.027866684800490517,0
2025-01-01T00:13:33Z,-0.29554658525514355,0.031077892825832936,0
2025-01-01T00:13:34Z,-0.19859828706314236,0.03457362848660167,0
2025-01-01T00:13:35Z,-0.09966168913621938,0.038333110950074134,0
2025-01-01T00:13:36Z,0.0002726883436774151,0.042327409821057524,0
2025-01-01T00:13:37Z,0.10020433575894648,0.04651952811477493,0
2025-01-01T00:13:38Z,0.1991327708244253,0.050864492807067466,0
2025-01-01T00:13:39Z,0.29606755508206484,0.05531002096531762,0
2025-01-01T00:13:40Z,0.39003820983993664,0.05979740280491351,0
2025-01-01T00:13:41Z,0.4801039322809474,0.06426254577783297,0
2025-01-01T00:13:42Z,0.5653630144663883,0.0686374908315385,0
2025-01-01T00:13:43Z,0.644961870934824,0.07285202763648706,0
2025-01-01T00:13:44Z,0.7181035845146111,0.07683539124690301,0
2025-01-01T00:13:45Z,0.784055884792606,0.08051810374428729,0
2025-01-01T00:13:46Z,0.8421584793609429,0.08383394400835707,0
2025-01-01T00:13:47Z,0.8918296644442123,0.08672160579018194,0
2025-01-01T00:13:48Z,0.9325721487233557,0.0891267637243964,0
2025-01-01T00:13:49Z,0.9639780320503538,0.09100313333404908,0
2025-01-01T00:13:50Z,0.9857328892082584,0.09231439425336331,0
2025-01-01T00:13:51Z,0.997618917831508,0.0930347752875437,0
2025-01-01T00:13:52Z,0.9995171189704598,0.09315010908928478,0
2025-01-01T00:13:53Z,0.9914084884691512,0.09265804140749337,0
2025-01-01T00:13:54Z,0.973374207228561,0.09156831811146382,0
2025-01-01T00:13:55Z,0.9455948284505279,0.08990245533866019,0
2025-01-01T00:13:56Z,0.9083484699994032,0.08769281080257331,0
2025-01-01T00:13:57Z,0.8620080299788299,0.08498204794077194,0
2025-01-01T00:13:58Z,0.807037453400487,0.08182162512654798,0
2025-01-01T00:13:59Z,0.7439870873215005,0.07827046424835293,0
2025-01-01T00:14:00Z,0.6734881709535375,0.0743929850104522,0
2025-01-01T00:14:01Z,0.5962465159065302,0.07025777878380646,0
2025-01-01T00:14:02Z,0.5130354398385975,0.06593531124776733,0
2025-01-01T00:14:03Z,0.424688024257789,0.061496169565732416,0
2025-01-01T00:14:04Z,0.33208877398829906,0.05700947181788017,0
2025-01-01T00:14:05Z,0.2361647618034178,0.05254083650739506,0
2025-01-01T00:14:06Z,0.13787634688259398,0.04815121780768712,0
2025-01-01T00:14:07Z,0.03820756001590158,0.04389547218646451,0
2025-01-01T00:14:08Z,-0.06184374818353594,0.0398213800906789,0
2025-01-01T00:14:09Z,-0.16127589742679807,0.035969056618057674,0
2025-01-01T00:14:10Z,-0.2590934062376301,0.032370476218830546,0
2025-01-01T00:14:11Z,-0.354316958380688,0.02904946394883573,0
2025-01-01T00:14:12Z,-0.445993207448567,0.026021941325437985,0
2025-01-01T00:14:13Z,-0.5332043214478024,0.023296493645876902,0
2025-01-01T00:14:14Z,-0.6150771718262165,0.020875022717427253,0
2025-01-01T00:14:15Z,-0.6907920749444744,0.018753926474054706,0
2025-01-01T00:14:16Z,-0.7595909984750036,0.01692508813641966,0
2025-01-01T00:14:17Z,-0.8207851505684662,0.015377220729090533,0
2025-01-01T00:14:18Z,-0.8737618758078334,0.014097145942719805,0
2025-01-01T00:14:19Z,-0.9179907889097757,0.013071047536654567,0
2025-01-01T00:14:20Z,-0.9530290847650759,0.012285694919060145,0
2025-01-01T00:14:21Z,-0.9785259716554722,0.011729494580643792,0
2025-01-01T00:14:22Z,-0.9942261832632466,0.011393404678869843,0
2025-01-01T00:14:23Z,-0.9999725343123315,0.011271629764202191,0
2025-01-01T00:14:24Z,-0.9957074942548241,0.011361955300526156,0
2025-01-01T00:14:25Z,-0.9814737632476157,0.011666018760707856,0
2025-01-01T00:14:26Z,-0.9574138446526745,0.012189129971380644,0
2025-01-01T00:14:27Z,-0.9237686183409853,0.012939872915719472,0
2025-01-01T00:14:28Z,-0.8808749290836879,0.013929508925961965,0
2025-01-01T00:14:29Z,-0.8291622141747444,0.015171108128757056,0
2025-01-01T00:14:30Z,-0.7691482040480999,0.016678450760262295,0
2025-01-01T00:14:31Z,-0.7014337389335142,0.01846490573094701,0
2025-01-01T00:14:32Z,-0.6266967534447444,0.020542127603653773,0
2025-01-01T00:14:33Z,-0.5456854893246413,0.022918753830628837,0
2025-01-01T00:14:34Z,-0.4592110042985862,0.025599192457812826,0
2025-01-01T00:14:35Z,-0.36813905203546016,0.028582320862866127,0
2025-01-01T00:14:36Z,-0.2733814145109036,0.03186069373298504,0
2025-01-01T00:14:37Z,-0.17588677355073698,0.035419495347778496,0
2025-01-01T00:14:38Z,-0.0766312129451944,0.03923605769055662,0
2025-01-01T00:14:39Z,0.02339155377594453,0.04327964386071356,0
2025-01-01T00:14:40Z,0.12318013207150957,0.047511323727614206,0
2025-01-01T00:14:41Z,0.22173547201659163,0.05188442188961216,0
2025-01-01T00:14:42Z,0.3180708704569045,0.056345061040363256,0
2025-01-01T00:14:43Z,0.41122184955117846,0.06083315556523402,0
2025-01-01T00:14:44Z,0.5002558128013609,0.06528360278857777,0
2025-01-01T00:14:45Z,0.5842813818972409,0.0696278318573711,0
2025-01-01T00:14:46Z,0.6624573208985456,0.0737952044152372,0
2025-01-01T00:14:47Z,0.7340009584081777,0.07771520481008469,0
2025-01-01T00:14:48Z,0.7981960234169845,0.0813189204048785,0
2025-01-01T00:14:49Z,0.8543998163698461,0.0845410614884108,0
2025-01-01T00:14:50Z,0.9020496436590866,0.08732187620619782,0
2025-01-01T00:14:51Z,0.9406684511249178,0.08960859365583118,0
2025-01-01T00:14:52Z,0.969869600162445,0.09135734801364126,0
2025-01-01T00:14:53Z,0.98936073861823,0.09253398123368264,0
2025-01-01T00:14:54Z,0.9989467277224646,0.09311544847901088,0
2025-01-01T00:14:55Z,0.9985315957531505,0.09309022196767743,0
2025-01-01T00:14:56Z,0.9881194988729454,0.09245885289501558,0
2025-01-01T00:14:57Z,0.9678146795190495,0.09123373862477432,0
2025-01-01T00:14:58Z,0.9378204227627222,0.08943896655080379,0
2025-01-01T00:14:59Z,0.8984370210870505,0.08710941438837108,0
2025-01-01T00:15:00Z,0.8500587679588478,0.0842899599098923,0
2025-01-01T00:15:01Z,0.7931700102941689,0.0810338088348273,0
2025-01-01T00:15:02Z,0.7283402993386638,0.0774013269585648,0
2025-01-01T00:15:03Z,0.656218688510752,0.07345816380102604,0
2025-01-01T00:15:04Z,0.5775272352954542,0.06927343661556369,0
2025-01-01T00:15:05Z,0.4930537722460401,0.06491777044781182,0
2025-01-01T00:15:06Z,0.40364401946748585,0.06046160536971605,0
2025-01-01T00:15:07Z,0.3101931175492784,0.055973382102235146,0
2025-01-01T00:15:08Z,0.21363666571663462,0.051517818661171375,0
2025-01-01T00:15:09Z,0.11494135492357486,0.04715448025164752,0
2025-01-01T00:15:10Z,0.0150952896657768,0.042936714952704874,0
2025-01-01T00:15:11Z,-0.08490190459158041,0.038910573216019186,0
2025-01-01T00:15:12Z,-0.18404908933029487,0.03511431856516877,0
2025-01-01T00:15:13Z,-0.28135363604357716,0.03157802813590873,0
2025-01-01T00:15:14Z,-0.3758413641013176,0.028323676954180577,0
2025-01-01T00:15:15Z,-0.46656629392115023,0.025365428746294483,0
2025-01-01T00:15:16Z,-0.5526201178002605,0.02271022979274583,0
2025-01-01T00:15:17Z,-0.6331412935887052,0.020358645662943178,0
2025-01-01T00:15:18Z,-0.7073236701618308,0.018305912243712058,0
2025-01-01T00:15:19Z,-0.7744245583360576,0.016543066806082696,0
2025-01-01T00:15:20Z,-0.8337721664250717,0.015058284597676342,0
2025-01-01T00:15:21Z,-0.884772325993792,0.01383808722440522,0
2025-01-01T00:15:22Z,-0.9269144404744057,0.01286871745891694,0
2025-01-01T00:15:23Z,-0.9597765970886523,0.012137245848363697,0
2025-01-01T00:15:24Z,-0.9830297908977229,0.01163258887676674,0
2025-01-01T00:15:25Z,-0.9964412186898105,0.011346390786691963,0
2025-01-01T00:15:26Z,-0.9998766097281564,0.011273650447328587,0
2025-01-01T00:15:27Z,-0.9933015700248162,0.011413071204886351,0
2025-01-01T00:15:28Z,-0.9767819266817861,0.011767129734186602,0
2025-01-01T00:15:29Z,-0.9504830688520461,0.012341934365616564,0
2025-01-01T00:15:30Z,-0.9146682919185678,0.013146781867099937,0
2025-01-01T00:15:31Z,-0.8696961614688881,0.014193414795729423,0
2025-01-01T00:15:32Z,-0.8160169234561373,0.015495156401821948,0
2025-01-01T00:15:33Z,-0.754167996486952,0.017065836655643794,0
2025-01-01T00:15:34Z,-0.6847685913657766,0.018918515590931648,0
2025-01-01T00:15:35Z,-0.6085135117631243,0.02106425324504064,0
2025-01-01T00:15:36Z,-0.5261661980731556,0.023510831961985234,0
2025-01-01T00:15:37Z,-0.4385510841034625,0.026261514323073998,0
2025-01-01T00:15:38Z,-0.34654534311898666,0.029313746336394383,0
2025-01-01T00:15:39Z,-0.2510701058762911,0.03265848707139443,0
2025-01-01T00:15:40Z,-0.15308123856990244,0.036279132969513336,0
2025-01-01T00:15:41Z,-0.053559773019258225,0.040151160775852346,0
2025-01-01T00:15:42Z,0.04649791509439766,0.04424196259262531,0
2025-01-01T00:15:43Z,0.1460900816085174,0.04851074119961996,0
2025-01-01T00:15:44Z,0.24421964300741902,0.05290907710456926,0
2025-01-01T00:15:45Z,0.3399041588893908,0.057381600728948184,0
2025-01-01T00:15:46Z,0.4321856678320511,0.0618668875591181,0
2025-01-01T00:15:47Z,0.5201402781821229,0.06629902516800147,0
2025-01-01T00:15:48Z,0.6028874177502677,0.0706086464047878,0
2025-01-01T00:15:49Z,0.6795986498057093,0.07472515499068119,0
2025-01-01T00:15:50Z,0.7495059671082466,0.07857813668237223,0
2025-01-01T00:15:51Z,0.8119094809402067,0.08209934137952042,0
2025-01-01T00:15:52Z,0.8661844281586605,0.08522460984246522,0
2025-01-01T00:15:53Z,0.9117874261153208,0.08789566374193866,0
2025-01-01T00:15:54Z,0.9482619128222345,0.09006172022996874,0
2025-01-01T00:15:55Z,0.9752427178979004,0.0916809413362552,0
2025-01-01T00:15:56Z,0.9924597185312342,0.09272177843826895,0
2025-01-01T00:15:57Z,0.9997405438609239,0.09316366157771043,0
2025-01-01T00:15:58Z,0.9970123006949557,0.0929979750284715,0
2025-01-01T00:15:59Z,0.9843023032929037,0.09222792007613338,0
2025-01-01T00:16:00Z,0.9617377999046808,0.09086867136380525,0
2025-01-01T00:16:01Z,0.9295446988035648,0.08894692033846031,0
2025-01-01T00:16:02Z,0.8880453065679759,0.08649990018025501,0
2025-01-01T00:16:03Z,0.8376551012556726,0.08357452875902455,0
2025-01-01T00:16:04Z,0.778878572776126,0.08022591993819192,0
2025-01-01T00:16:05Z,0.71230417210606,0.07651568462088518,0
2025-01-01T00:16:06Z,0.6385984199146993,0.07251047145787848,0
2025-01-01T00:16:07Z,0.5584992335814662,0.0682799574698945,0
2025-01-01T00:16:08Z,0.4728085394134976,0.06389488647646924,0
2025-01-01T00:16:09Z,0.3823842440273235,0.05942535946054074,0
2025-01-01T00:16:10Z,0.2881316452741956,0.054939081983701406,0
2025-01-01T00:16:11Z,0.1909943687003953,0.05049971046089574,0
2025-01-01T00:16:12Z,0.09194492028325013,0.046165546674078406,0
2025-01-01T00:16:13Z,-0.008025049973866393,0.04198821791799101,0
2025-01-01T00:16:14Z,-0.1079146761103522,0.03801208690086175,0
2025-01-01T00:16:15Z,-0.2067238965440564,0.034273500616324844,0
2025-01-01T00:16:16Z,-0.3034634663540155,0.030800663276667688,0
2025-01-01T00:16:17Z,-0.39716486127016615,0.027613715863066445,0
2025-01-01T00:16:18Z,-0.48688997421503993,0.024725095525540385,0
2025-01-01T00:16:19Z,-0.5717405073184685,0.022140190412039837,0
2025-01-01T00:16:20Z,-0.6508669653760045,0.01985824445229645,0
2025-01-01T00:16:21Z,-0.7234771607111531,0.017873379705801447,0
2025-01-01T00:16:22Z,-0.7888441442939533,0.016175888267670017,0
2025-01-01T00:16:23Z,-0.846313483711845,0.014753445792489151,0
2025-01-01T00:16:24Z,-0.8953098151285308,0.013592400106594396,0
2025-01-01T00:16:25Z,-0.9353426036345177,0.012679084033096758,0
2025-01-01T00:16:26Z,-0.9660110543188882,0.012000884813392535,0
2025-01-01T00:16:27Z,-0.9870081248940717,0.011547314919099555,0
2025-01-01T00:16:28Z,-0.9981235997007355,0.011310749840562125,0
2025-01-01T00:16:29Z,-0.9992461943167482,0.011286989218947125,0
2025-01-01T00:16:30Z,-0.9903646696996673,0.011475608602523188,0
2025-01-01T00:16:31Z,-0.971567944708277,0.011880003253577427,0
2025-01-01T00:16:32Z,-0.9430442058766567,0.012507018678820972,0
2025-01-01T00:16:33Z,-0.9050790233534606,0.013366601286717327,0
2025-01-01T00:16:34Z,-0.8580524918689137,0.014470938533008801,0
2025-01-01T00:16:35Z,-0.8024354253533363,0.01583356264834301,0
2025-01-01T00:16:36Z,-0.7387846433052317,0.017468275072319975,0
2025-01-01T00:16:37Z,-0.6677373961004618,0.019387740489105913,0
2025-01-01T00:16:38Z,-0.5900049850542001,0.021602438881097547,0
2025-01-01T00:16:39Z,-0.5063656411097588,0.02411918682831025,0
